,dates,TRAT_1,TRAT_2,TRAT_3,TRAT_4,TRAT_5,TRAT_6,TRAT_7,TRAT_8,TRAT_9,TRAT_10
0,1984-04-17 10:41:41+00:00,149.102407355428,,,,,,,165.164977595316,131.685929255152,66.9672703600592
1,1984-05-03 10:41:43+00:00,,,193.670516939975,226.711670603692,,,,170.525178903551,131.419843215556,74.9234578493879
2,1984-07-06 10:43:04+00:00,155.975337618016,211.780687387519,197.429275526239,219.10179928234,244.48605561638,,,170.390822545144,126.253034023626,75.9573930472655
3,1984-07-22 10:43:28+00:00,,,,,,,,,,
4,1984-08-07 10:44:02+00:00,,,,,,,,,,
5,1984-09-08 10:44:36+00:00,,,,,,,,,,
6,1984-09-24 10:44:38+00:00,160.843755263867,228.134645182188,203.684887984009,228.374487224912,255.15212326473,,,174.789411279649,132.462112096991,78.1873364773841
7,1984-12-29 10:44:44+00:00,159.638104914415,223.403135379089,198.451651526484,212.795810053043,246.970446639444,,,160.317011873337,133.842968326637,63.9023504413189
8,1985-01-30 10:44:55+00:00,158.748176696318,220.97813647591,193.824348589007,216.840885624576,247.108868338429,,,153.135722608243,119.061624330998,46.8162849037874
9,1985-05-22 10:44:38+00:00,,,,,,,,,,
10,1985-06-07 10:44:37+00:00,,,,,,,,176.660566174372,127.53384538423,71.0194377912631
11,1985-07-09 10:44:29+00:00,166.031168947608,230.297639228476,207.641216343879,226.468720907199,,,,184.153431727298,134.812051691506,80.5492112392176
12,1985-08-26 10:44:03+00:00,,,,,,,,,,
13,1985-09-27 10:43:40+00:00,,,,,,,,,,
14,1985-10-29 10:43:18+00:00,,,,,,259.337247768332,,159.191827018243,110.386398363955,49.5286869857513
15,1985-11-14 10:43:03+00:00,167.053579086266,239.478769146784,219.761031230355,237.040889366962,257.462872892184,,,179.722955735826,138.167306514294,72.6089254446836
16,1986-02-02 10:41:30+00:00,159.474004962109,227.759858875998,206.20227474046,225.516043596597,235.547034809214,,,167.277011562943,103.403794707454,51.5138720470831
17,1986-02-18 10:41:07+00:00,,,,211.216361496276,236.57389188898,,,142.098810377962,106.198834679184,34.2389352972035
18,1986-04-07 10:40:07+00:00,163.156325105292,,,,256.260096689449,,,,121.445278147495,66.7049808144556
19,1986-05-25 10:38:54+00:00,169.729252472653,242.861454633904,,,,,,,,
20,1986-10-16 10:34:04+00:00,,,,,,,,,,
21,1986-11-01 10:33:30+00:00,165.947931782855,233.547743613326,215.052461793135,234.072307290573,241.56623682587,,,168.372715997441,119.046385569667,72.963135911975
22,1986-11-17 10:32:53+00:00,176.658066372761,238.483414023991,222.182426328761,232.919746111441,253.005205346313,,,167.713008028579,130.321734160843,73.9209439746373
23,1986-12-03 10:32:57+00:00,161.033292504923,231.066522828207,214.261312883848,226.21808632985,245.134121775004,,,173.489968176684,122.893214367629,72.0834185558717
24,1987-01-20 10:34:22+00:00,174.457380300721,238.48032779381,216.795974882643,226.044656591824,250.124738025812,,,172.528534539871,115.761240264625,65.5462576004282
25,1987-04-10 10:37:18+00:00,,,,,,,,159.606259495929,112.669297611426,66.9707993620322
26,1987-04-26 10:37:48+00:00,,,,,,,,,,
27,1987-05-12 10:38:15+00:00,,,,,,,,159.748450668886,117.847090810804,
28,1987-05-28 10:38:40+00:00,174.638904382649,244.244192103742,230.315157151555,237.755029427422,260.809212705559,,,,,73.8288937378042
29,1987-06-13 10:39:02+00:00,,,,,,,,,,
30,1987-06-29 10:39:23+00:00,,253.090031770506,230.432024893382,229.393362793163,253.022184415906,,,167.554909111467,,
31,1987-07-31 10:40:07+00:00,189.038796222247,249.649268958665,235.139557315636,244.536858715598,258.873924356534,,,187.579108548461,127.085922626263,87.238907206019
32,1987-08-16 10:40:35+00:00,,,,,,,,,,
33,1987-09-17 10:41:24+00:00,,,,,,,,,,
34,1987-10-03 10:41:45+00:00,157.334187594404,229.810699040241,,,,,,,,
35,1987-12-22 10:43:09+00:00,180.257959092168,248.788812837287,220.640122573922,234.33888470965,252.158978776052,,,175.446379870327,112.531589803089,
36,1988-02-24 10:44:15+00:00,159.824222803625,236.328042092224,221.213906429634,242.219582655531,244.633258390177,,,167.468858894782,112.334175932186,50.4616826397762
37,1988-03-11 10:44:24+00:00,181.599671474811,247.967948557945,240.340985067133,247.147100990006,261.837579921025,,,,132.260113315471,77.6789391703322
38,1988-04-28 10:44:41+00:00,,,,,,,,,,
39,1988-05-14 10:44:53+00:00,,,227.34498285356,235.774666765512,252.551476768729,,,172.29425881945,115.223053164665,74.0707458887766
40,1988-08-02 10:45:15+00:00,171.828669213156,251.056657125701,228.652822732237,236.889716413204,245.41265543904,,,186.705367716172,119.8445412934,66.7388473794709
41,1988-08-18 10:45:15+00:00,177.179096172527,257.474996155122,235.65566449906,242.504822243796,251.04870604837,,,,120.997371254076,
42,1988-09-03 10:45:18+00:00,179.473179523498,255.403459801672,246.313267376394,244.889428762161,256.84076082763,,,,114.784041509303,64.1084281554781
43,1988-09-19 10:45:13+00:00,,,,,,,,,,
44,1988-10-05 10:45:09+00:00,,,,,,,,,,
45,1988-10-21 10:45:02+00:00,166.398595049086,246.444558029918,233.684914265687,237.281082191785,246.087642319719,,,182.564590568437,108.685234949187,56.0238617027604
46,1988-11-22 10:45:07+00:00,168.439489032273,239.414857239762,220.293491339176,223.919818931986,245.293316519079,,,172.669935789253,102.308019679999,48.4275998793323
47,1988-12-08 10:44:57+00:00,181.748004787298,259.944752179649,233.97434195517,248.127747703388,257.624345782664,,,,127.720784909154,63.481803835887
48,1989-05-01 10:43:18+00:00,191.044992971243,,,,255.349633363893,,,182.890468293434,,
49,1989-05-17 10:42:58+00:00,,,,,,,,,,
50,1989-08-05 10:41:27+00:00,,,,,,,,,,
51,1989-08-21 10:41:05+00:00,,270.170670047951,249.596292970584,246.744995478622,254.749893253193,,,,123.164116100464,67.5737422490576
52,1989-09-06 10:40:44+00:00,182.606016838309,263.422203714259,242.46270446363,241.985863336732,258.163236253448,,,,128.746060388865,72.5012566831481
53,1989-09-22 10:40:13+00:00,183.079637733692,260.570855371068,238.056358556083,239.57841316088,255.826612572685,,,,119.502759315383,64.9563606270156
54,1989-10-08 10:40:02+00:00,,,,,,,,,,
55,1989-11-09 10:38:59+00:00,180.148489050361,249.399248159592,234.500533498392,230.580723236145,250.443776563252,,,176.313481189835,105.385959871111,54.0289064627726
56,1990-01-28 10:36:35+00:00,184.780918498408,270.848976360512,254.854336858163,253.718538213327,257.247122768364,,,,119.53409891833,63.3520639353103
57,1990-03-01 10:35:33+00:00,176.712966887936,238.14347935263,209.270445265705,241.868826033998,238.370724977035,,,,101.712058379576,49.4050590998105
58,1990-03-17 10:35:01+00:00,179.620785297997,257.979849403842,241.107927953669,246.746775985403,248.052381146153,,,,120.03416666143,62.613963417201
59,1990-04-18 10:34:45+00:00,177.623114414664,260.538314182876,242.527824455212,246.704145911745,260.638415630735,,,,131.551685410393,64.907301725236
60,1990-05-04 10:34:39+00:00,,,,,,,,,,
61,1990-06-05 10:34:42+00:00,176.684048445108,256.580211880641,235.346952910957,239.977113421647,244.700896327502,,,,110.017671427167,58.831626420988
62,1990-07-07 10:34:38+00:00,,,,,,,,,,
63,1990-07-23 10:34:34+00:00,,,,,,,,,,
64,1990-08-08 10:34:30+00:00,183.347526363547,271.548311781437,254.292991066523,248.963689827577,251.758591956936,,,,130.75424528144,70.0106390322133
65,1990-08-24 10:34:24+00:00,,,,,,,,,,
66,1990-09-09 10:34:20+00:00,,,,,,,,,116.077773641014,63.7850332826254
67,1990-09-25 10:34:16+00:00,191.542453228137,,,,,,,,,
68,1990-10-11 10:34:09+00:00,,,,,,,,,,
69,1990-11-12 10:34:02+00:00,171.738120530236,249.112327573892,239.73004924613,243.633920640454,239.742288378227,,,,106.832109841818,59.2549200788641
70,1990-11-28 10:33:47+00:00,172.916317174351,252.275055251377,234.846674764037,238.185835669882,234.324087581282,,,179.908013506785,106.117662152272,56.1199281410525
71,1991-01-15 10:34:46+00:00,196.506794279443,268.684905323423,243.150881670488,245.911386119577,244.833483059643,,,,111.143724141694,63.3167332508588
72,1991-05-07 10:36:51+00:00,193.126059404593,279.631109404916,255.206025846793,261.956985812079,254.286450091593,,,,125.769148823836,69.7208929571863
73,1991-05-23 10:37:05+00:00,,,,,,,,,,
74,1991-06-08 10:37:19+00:00,181.343426467892,270.272433633517,252.564644992586,249.411247730325,250.017968942675,,,,117.074901840515,55.4175200200989
75,1991-06-24 10:37:33+00:00,,,,248.276479721324,,,,,120.854524856853,70.0798207585032
76,1991-07-26 10:37:59+00:00,207.175621293472,284.927072169476,268.167485928406,264.464862686483,254.236373267749,,,,,
77,1991-08-11 10:38:02+00:00,203.110152993314,,,,256.843429014315,,,,134.275166756841,68.9410415984247
78,1991-12-01 10:38:56+00:00,163.276447216982,249.090584275432,227.089195303273,223.768143114525,216.665742618831,,,,,
79,1992-01-02 10:38:47+00:00,179.874802376206,258.549940032639,246.105845450618,242.936179557546,247.338181123401,,,,118.097299414381,57.705089556567
80,1992-01-18 10:38:46+00:00,187.040307315908,259.458251983005,242.820726303434,242.605654486292,237.371072750181,,,174.477022197007,105.994479667283,43.9816472976281
81,1992-02-03 10:38:48+00:00,187.802282310785,277.75252159059,257.747820184193,256.069249948925,260.376575888818,,,,124.756954217022,53.0783048192063
82,1992-02-19 10:38:39+00:00,187.867652080001,281.941177941735,257.721277812439,261.711090187708,266.437768417574,,,,134.42533414249,64.1406397366954
83,1992-03-22 10:38:41+00:00,,,,,,,,,,
84,1992-04-23 10:38:23+00:00,,,,,,,,,,
85,1992-05-09 10:38:14+00:00,,,,,,,,,,
86,1992-05-25 10:38:06+00:00,,,,,,,,,,
87,1992-06-10 10:37:57+00:00,,,,,,,,,121.113661495132,54.9555108245011
88,1992-06-26 10:37:45+00:00,,,,,,,,,,
89,1992-07-12 10:37:33+00:00,,,,,254.094149175249,,,,130.41999994701,57.8944042103685
90,1992-07-28 10:37:21+00:00,,,,,,,,,,
91,1992-08-13 10:37:07+00:00,204.088975186629,,,,,,,,137.4941133615,67.9353636721636
92,1992-09-14 10:36:38+00:00,204.714552750383,285.626072604292,,,,,,,,
93,1992-09-30 10:36:17+00:00,200.361972219826,281.774081245899,265.455298990669,260.852824537104,,,,,,
94,1992-11-17 10:35:32+00:00,,,,,,,,,117.967702684333,57.3521563826066
95,1993-02-05 10:36:23+00:00,190.733409018712,262.680726796294,252.254539755263,245.867409204133,240.401687843251,,,,124.837283981294,62.7261293726504
96,1993-02-21 10:36:28+00:00,208.980857250305,271.098479356713,255.636626397033,262.414836067672,239.256529684319,,,,129.169325227307,71.3677608020617
97,1993-04-10 10:36:48+00:00,,,,,,,,,,
98,1993-05-28 10:37:02+00:00,206.748281317117,278.575257666016,258.814500291965,259.186777300872,247.777659404484,,,,120.644247038661,63.9048544588447
99,1993-06-29 10:36:56+00:00,,,,256.328347461815,235.000009321903,,,,,
100,1993-07-15 10:36:55+00:00,,,,,,,,,,
101,1993-07-31 10:36:54+00:00,215.427244447441,,,,257.78429834113,,,,122.047476522526,
102,1993-08-16 10:36:55+00:00,202.044193755316,273.860659364617,266.955558620927,254.989705271548,245.03021952337,,,,124.447756963103,64.0833371257836
103,1993-10-03 10:36:46+00:00,,,,,,,,,133.587555429681,90.3944650798083
104,1993-10-19 10:36:40+00:00,209.666106032899,280.301494754951,275.93829869128,270.674984634216,273.240021435566,,,,,79.1091034148801
105,1993-11-04 10:36:34+00:00,207.843214217814,281.324620614212,272.674778691629,253.189354969531,254.773024924676,,,,121.860633550915,39.2630195922781
106,1994-01-23 10:35:47+00:00,213.086171493896,284.173388697148,275.452000159039,274.211235060749,258.777736220755,,,,116.802459706537,68.2203749922764
107,1994-02-08 10:35:38+00:00,206.779934903454,278.374620023362,275.622835325696,266.893505083026,250.143833372459,,,,110.443961784403,64.2278967262027
108,1994-03-12 10:35:10+00:00,215.305718150685,285.063280431612,270.075991672956,276.034551774437,241.522226227148,,,,121.694425203117,67.8268059018544
109,1994-05-15 10:34:01+00:00,,,,,244.808170564698,,,171.537100933198,109.840293675916,53.7370239119461
110,1994-05-31 10:33:45+00:00,204.331888640944,285.358683522065,275.235446533232,259.628451338744,237.607458840333,,,,126.494145283483,67.2326060672324
111,1994-06-16 10:33:25+00:00,212.97602251063,287.420221452298,268.608120297008,265.978199211468,238.260993195303,,,,127.838220442054,74.9516739550775
112,1994-07-02 10:33:01+00:00,205.584847749067,271.33070229166,269.868316791515,265.597379091638,244.44794188611,,,,128.703370580537,68.1398543640288
113,1994-08-19 10:31:44+00:00,,,,,,,,,,
114,1994-09-20 10:30:55+00:00,228.69682865069,290.726350578178,287.451724962417,273.233099566235,250.395957105088,,,,127.393328065258,79.7277271175455
115,1994-11-23 10:28:49+00:00,,281.629968116795,,293.183681545363,245.344017438372,,,,,46.4675088788873
116,1994-12-09 10:28:21+00:00,198.566301323441,273.952024649622,267.066825299154,248.984181831807,231.920812939053,,,170.750045659754,116.775864667824,54.3925055904045
117,1994-12-25 10:27:49+00:00,207.320893077949,285.767583938814,268.3165988929,266.132074120681,242.612447742502,,,,116.340007589043,69.1621144738671
118,1995-01-10 10:27:16+00:00,202.805428341835,276.201903280208,261.882898189932,258.409331298621,238.495689944829,,,,119.623609779103,67.6535701031686
119,1995-03-15 10:24:44+00:00,220.25265063674,290.516895116816,282.481482347139,270.68696425288,248.983183746709,,,,126.44083213845,73.6243616609233
120,1995-03-31 10:24:05+00:00,211.01977584234,,,,,,,,,
121,1995-06-19 10:20:31+00:00,,,,,,,,,123.774946065803,70.5460861940893
122,1995-07-05 10:19:48+00:00,,,,,,,,,,
123,1995-07-21 10:19:04+00:00,,,,,,,,,,
124,1995-08-06 10:18:20+00:00,,,,,,,,,,
125,1995-08-22 10:17:36+00:00,,,,,,,,,,
126,1995-09-07 10:16:51+00:00,,,,255.121927097222,237.180860241821,,,,122.20649950096,63.6279677579989
127,1995-09-23 10:16:03+00:00,229.101494509817,298.966809055118,297.758374261391,269.884011244415,,,,,,
128,1995-11-26 10:14:19+00:00,218.25065085426,286.495766306186,281.463026120045,264.357125038254,240.214753242778,,,,,67.0111434903503
129,1996-04-18 10:24:01+00:00,214.384455951332,300.859152077026,,279.640686052327,244.762282189511,,,,117.561480616337,76.0831487986568
130,1996-06-05 10:26:47+00:00,215.782396118897,302.161340076906,294.100262023479,277.187465707911,240.223500047486,,,,131.398432943811,71.8367052375103
131,1996-07-07 10:28:29+00:00,,,,,236.660137292833,,,187.07725269387,105.539439478955,
132,1996-07-23 10:29:20+00:00,,,,,,,,,,
133,1996-08-08 10:30:11+00:00,,,,,244.466080433051,,,,110.036016993055,68.3575825385056
134,1996-08-24 10:31:00+00:00,,,,,,,,,,
135,1996-09-09 10:31:55+00:00,,,,,,,,,120.298979164684,68.0145555776933
136,1996-10-11 10:33:37+00:00,,,,,,,,,,
137,1996-10-27 10:34:25+00:00,220.406342448001,304.398078599981,302.52602300316,274.321492612487,247.570974198036,,,,129.828532680163,73.3014832343248
138,1996-11-28 10:35:56+00:00,225.295867180221,303.597960085677,304.010158609897,275.273247604585,253.174767601124,,,,132.571068594738,73.1336913446964
139,1996-12-30 10:37:27+00:00,198.015490130163,296.230530369067,286.874247089257,259.299385784031,231.083072936419,,,,114.72759782179,55.9938303008788
140,1997-03-04 10:40:16+00:00,,,,,,,,,,
141,1997-06-08 10:43:43+00:00,,,,,233.307547666525,,,,120.913830866148,68.3142508053723
142,1997-06-24 10:44:16+00:00,,,,,,,,,,72.309422693793
143,1997-07-10 10:44:49+00:00,,,,,,,,,,
144,1997-07-26 10:45:22+00:00,,,,,,,,,,
145,1997-09-12 10:46:50+00:00,,,,254.410106469868,,,,,,
146,1997-09-28 10:47:18+00:00,204.844888162435,293.452853655615,286.318178590135,267.178640982918,230.079999977247,,,,117.667591268398,66.6016031991585
147,1997-10-14 10:47:43+00:00,208.751500170763,296.592916803642,299.000968604623,268.482057796786,238.494467186148,,,,123.068100132106,67.9288874508636
148,1997-10-30 10:48:10+00:00,216.397277978869,302.338401304388,308.708702233763,272.816261889264,243.901458134186,,,,123.822259938587,63.8226071634254
149,1997-11-15 10:48:33+00:00,213.334313448846,,,269.655259228153,236.329414051999,,,,134.740045291936,71.1012146705996
150,1998-03-07 10:50:59+00:00,205.61569134783,296.103975531185,,,222.221874016079,,,,,
151,1998-03-23 10:51:13+00:00,,,,,,,,,,
152,1998-04-08 10:51:25+00:00,205.246335340582,303.891560468635,,263.685896514814,228.2717687284,,,,126.186964052842,65.9713419830158
153,1998-06-11 10:52:22+00:00,,,,,,,,,139.940845671158,72.1635560818018
154,1998-06-27 10:52:32+00:00,218.003182174001,,,271.285636765968,,,,,145.431631121007,77.2017087587603
155,1998-07-13 10:52:45+00:00,227.933101006427,,,,243.617842515387,,,,137.2140920972,81.7352863355097
156,1998-07-29 10:52:51+00:00,,,,,,,,,,
157,1998-08-30 10:53:09+00:00,,,,,,,,,,
158,1998-09-15 10:53:17+00:00,,,,,,,,,,
159,1998-10-17 10:53:20+00:00,212.561050787813,,,,240.507445196238,,,,118.766971586987,51.4534590087161
160,1998-11-18 10:53:33+00:00,222.603996281526,301.950874364097,,273.284566627025,239.686571928874,,,,125.881345129806,46.9821101760586
161,1998-12-04 10:53:27+00:00,227.712279555541,,,272.68751350202,245.285847586365,,,,138.328928553908,76.6096828966057
162,1998-12-20 10:53:31+00:00,217.44704262303,274.530221703033,267.540248261602,235.321181754412,,,,,,70.7605429687947
163,1999-03-26 10:53:19+00:00,,295.584080165115,284.615927443729,,,,,,128.307344175735,63.5908061655887
164,1999-04-11 10:53:12+00:00,,,,,,,,,128.750408950761,
165,1999-05-13 10:53:03+00:00,217.301147687707,297.434103179678,,270.872770793762,232.863470082732,,,,134.920188354261,69.6322754514014
166,1999-06-14 10:52:29+00:00,,,,,,,,,,
167,1999-06-30 10:52:18+00:00,,,,,,,,,,81.2372214416922
168,1999-07-08 11:07:17+00:00,,,,,,,,,,
169,1999-07-16 10:52:13+00:00,,,,,,,,,137.557108198251,84.0911561841363
170,1999-08-01 10:52:13+00:00,224.223558044686,,,279.130888593288,242.768901090661,,,,144.717592018016,75.9151691779332
171,1999-08-09 11:07:25+00:00,,293.541137475877,,257.505860364458,225.489329250414,,,183.486562343472,116.751051669557,61.5874530881173
172,1999-08-17 10:52:05+00:00,,,,,,,,,,
173,1999-09-02 10:51:40+00:00,,,,,,,,,,
174,1999-09-10 11:07:24+00:00,,,,,242.10777569155,,,,,
175,1999-10-04 10:51:06+00:00,207.356304765211,,,270.436515548875,232.821339953593,,,,132.693803070912,59.4630824120688
176,1999-12-07 10:49:37+00:00,214.664716155184,,,274.749959843815,233.67878702648,,,,146.77856498334,68.3358167865094
177,1999-12-15 11:07:28+00:00,218.916121667119,,,286.436458958163,239.036260216182,,,,,
178,1999-12-31 11:07:18+00:00,217.976094626473,,,265.317181758659,233.369786088483,,,,128.5658568537,69.7765544653227
179,2000-01-08 10:49:33+00:00,219.401559774087,,,280.359614890928,236.808615281498,,,,137.699869480312,71.2867589869078
180,2000-01-16 11:07:19+00:00,,,,280.492389401094,229.086035338281,,,,,
181,2000-01-24 10:49:07+00:00,220.235634553458,,,278.000956416241,240.405273469802,,,,140.723802905636,77.0251373435122
182,2000-03-04 11:07:07+00:00,228.350030210098,,,280.350851864609,236.35007306924,,,,132.660407207349,82.8172483913582
183,2000-03-28 10:48:51+00:00,229.473337878431,,,281.187557503216,231.085671014265,,,,135.077496246574,79.7882538958523
184,2000-05-15 10:50:17+00:00,211.823705166783,300.235834551028,,266.756143404773,222.352877029945,260.437075284115,,,,
185,2000-05-23 11:06:29+00:00,,,,,,,,,139.439372654633,72.5055594547727
186,2000-06-08 11:06:21+00:00,223.269040061596,,,,224.612237867982,,,,,
187,2000-06-16 10:50:53+00:00,,,,,,,,,,
188,2000-06-24 11:06:16+00:00,226.819191502869,,,266.935617108509,236.782279546967,,,,,
189,2000-07-26 11:05:42+00:00,220.076940407472,303.889228847468,305.521597696851,259.069489324784,223.958114920317,,,,,
190,2000-08-11 11:05:36+00:00,,,,263.640909026269,227.579382459324,,,,,
191,2000-08-27 11:05:27+00:00,217.494645079045,,,267.787812004497,229.448600574448,,,,132.444727341176,75.9123280722205
192,2000-09-04 10:52:36+00:00,226.821129538665,,,281.174438031042,238.344499963368,,,,,95.9689821113782
193,2000-09-12 11:05:10+00:00,,,,,,,,,,
194,2000-10-22 10:53:11+00:00,218.071305344395,303.818262321216,,269.513438200134,228.554971818277,,,,134.434953142408,74.2732956117133
195,2000-11-15 11:04:51+00:00,232.736195654708,,,283.18062826569,240.558411003394,,,,145.727779751768,94.4384100897447
196,2000-12-01 11:04:52+00:00,,,,,,264.55515331453,,182.962747629173,123.958805949477,65.1596457884779
197,2000-12-17 11:04:56+00:00,,,,,,,,,127.260690921489,
198,2001-01-02 11:04:53+00:00,222.881013927926,,,271.489519856715,213.947268491467,,,178.29929827866,112.393436710954,64.6012988034446
199,2001-02-03 11:04:57+00:00,,,301.34836679154,,,,,179.627813688076,119.809691469793,
200,2001-02-11 10:54:32+00:00,221.441051630327,,,284.809849852061,238.244593006529,,,,138.028623003301,78.4453001552458
201,2001-02-27 10:54:39+00:00,224.787110146125,,,272.609143513452,223.762402389418,,,,138.870423256349,77.420064157053
202,2001-03-15 10:54:38+00:00,223.087317895664,,,281.178086038069,226.161372932886,,,,131.755154813179,81.9242277932802
203,2001-03-23 11:04:42+00:00,,,,,210.411475126402,258.925402556699,,173.816491702953,114.810449695625,64.7831433121
204,2001-04-08 11:04:34+00:00,234.803190954489,,,290.671166269657,228.421237686581,,,,140.341217731182,86.7882695942401
205,2001-05-18 10:54:41+00:00,225.535692388339,,,278.336279213728,220.549967306037,,,,125.944654424953,77.7911954195749
206,2001-05-26 11:04:19+00:00,240.041142081779,,,287.431405271586,228.496105909718,,,,141.286689885673,89.5403078280038
207,2001-06-03 10:54:52+00:00,,,,,,,,,,
208,2001-06-11 11:04:08+00:00,226.155705064071,,,288.247175900567,233.268904825517,,,,142.423137293662,85.987638160727
209,2001-06-27 11:03:50+00:00,,,,,,,,,,
210,2001-07-13 11:03:52+00:00,239.921026578288,,,,226.358344307375,,,,,
211,2001-07-29 11:03:42+00:00,,,,,,,,,,
212,2001-08-06 10:54:50+00:00,233.745939629999,,,286.951404112142,237.067083176483,,,,,87.0817856651764
213,2001-08-14 11:03:21+00:00,,,,,,,,,,
214,2001-08-22 10:54:46+00:00,226.310397143356,,,281.372298915251,238.166353421197,,,,145.581206638068,87.1603496276935
215,2001-09-07 10:54:41+00:00,,,,,,,,,,
216,2001-09-15 11:03:02+00:00,,,,279.246912665254,222.334971022505,,,,124.904100392491,77.4441587928141
217,2001-09-23 10:54:34+00:00,,,,287.516812541197,234.960258664944,,,,131.58185747247,88.4375518188262
218,2001-10-01 11:02:50+00:00,,,,,,256.799881357185,,,,
219,2001-11-10 10:54:08+00:00,218.85737171918,,,274.667826117427,228.61855693847,,,,133.035227484377,90.5368709924814
220,2001-12-28 10:53:46+00:00,208.178601361141,,,267.628194276479,222.504142935968,260.23782055103,,,119.091130039861,72.4306888101959
221,2002-02-14 10:53:04+00:00,230.034530952723,,,286.59672168273,233.205682721167,,,,141.224574449149,87.9529370276768
222,2002-02-22 11:03:23+00:00,228.618924831019,,,287.296752125482,229.636676246806,,,,130.018864941348,84.0940207545895
223,2002-03-02 10:52:46+00:00,,,,,,,,,,
224,2002-04-11 11:03:20+00:00,232.164014414441,,,279.6095887282,226.730673778963,,,,145.551173062715,78.2035059723661
225,2002-04-27 11:03:19+00:00,241.292647187916,,,,,,,,,89.534894086924
226,2002-05-21 10:51:18+00:00,215.861949209915,,,276.971034432728,213.004842159859,261.321661457464,,,,
227,2002-05-29 11:03:07+00:00,234.429417550536,,,287.146487528122,227.148866073357,,,,144.075394094656,96.8115095214602
228,2002-06-22 10:50:33+00:00,,,,275.06198309396,,,,,,
229,2002-06-30 11:02:57+00:00,238.423727302835,,,286.457387145052,234.825083694831,,,,,
230,2002-07-16 11:02:51+00:00,234.893395634184,,,285.068762442867,235.47205208897,,,,146.196137512181,98.6545081562479
231,2002-08-01 11:02:44+00:00,233.808631292743,,,275.671659570418,233.18164114993,,,,,92.4318300353124
232,2002-08-17 11:02:40+00:00,,,,,231.651472757378,,,,,
233,2002-09-18 11:02:16+00:00,215.375954866626,,300.171882946915,253.958822092728,208.283242895727,,,,111.508141587752,56.4066140448341
234,2002-10-04 11:02:13+00:00,226.322834966538,,,270.330274647862,231.115194161265,,,187.604441722533,116.972235985243,69.0553364029291
235,2002-10-20 11:02:17+00:00,214.582157934121,,,258.346907115455,214.213006210336,249.479786897365,,174.978692690801,107.725777906397,63.8904663998822
236,2002-11-05 11:02:23+00:00,240.300588531183,,,287.385720057706,237.375904969432,,,,142.892810352744,85.135718938752
237,2002-11-21 11:02:38+00:00,219.98599948059,,,,224.316066680334,259.443085899685,,186.892319805034,124.683371721305,
238,2002-12-07 11:02:46+00:00,242.268053661538,,,292.268183118301,233.449295501879,,,,,94.167472370958
239,2003-01-24 11:03:00+00:00,235.837765240348,,,289.038172335254,231.637031289843,,,,141.991115350987,86.3135148569893
240,2003-02-09 11:03:10+00:00,237.17918383648,,,285.482263790994,229.383395336375,,,,135.124079090629,87.715941984781
241,2003-03-13 11:03:15+00:00,,,,,,,,,,
242,2003-04-30 11:03:17+00:00,,,,283.308355745288,226.793708873447,,,,128.874707679839,75.8264951414584
243,2003-06-25 10:50:33+00:00,,,,,,,,,,
244,2003-07-11 10:50:51+00:00,,,,,,,,,,
245,2003-08-04 11:02:54+00:00,237.336319637915,,,283.011739963993,232.061412692961,,,,,
246,2003-08-12 10:51:25+00:00,,,,,,,,,,
247,2003-09-13 10:52:00+00:00,244.647826907474,,,,,,,,,
248,2003-10-23 11:02:51+00:00,237.370773688015,,,278.938380033446,230.186457522315,,,,136.833791126312,80.9007142575809
249,2003-12-10 11:03:15+00:00,243.956229416674,,,287.215231285906,234.531005813953,,,,134.718384545106,86.5949125843817
250,2004-01-19 10:53:18+00:00,236.991706331532,,,280.208912787326,226.704517694062,,,,122.093010429854,77.7069149873862
251,2004-02-12 11:03:38+00:00,240.179821564838,,,278.534030163581,232.589461414733,,,,129.785971217555,79.4504948769265
252,2004-03-15 11:03:46+00:00,,,,,227.916795820233,,,,128.302402461377,77.8139088067107
253,2004-04-08 10:54:00+00:00,239.451593778101,,,275.829196856816,236.801334107354,,,,,
254,2004-04-24 10:54:28+00:00,254.259548968107,,,281.536221452765,239.534466425003,,,,,90.8358704056638
255,2004-05-26 10:55:22+00:00,,,,,,,,,,
256,2004-06-11 10:55:50+00:00,,,,,,,,,,
257,2004-07-13 10:56:47+00:00,,,,,234.720545163313,,,,,
258,2004-07-21 11:03:27+00:00,,,,,,,,,,
259,2004-07-29 10:57:09+00:00,,,,268.540814472491,,,,,,
260,2004-08-06 11:03:19+00:00,252.289654330591,,,286.576863795443,241.698624578796,,,,,92.4311475081511
261,2004-08-14 10:57:30+00:00,,,,,,,,,,
262,2004-08-30 10:57:56+00:00,,,,,,,,,,
263,2004-09-23 11:03:07+00:00,,,,,,,,,,
264,2004-10-01 10:58:42+00:00,255.836256432291,,,279.664427709142,243.933847985672,,,,,87.6008664875787
265,2004-11-10 11:03:27+00:00,238.876402209238,,,269.400342681302,231.51972487203,,,,132.403416133246,76.7597445634272
266,2004-11-18 10:59:36+00:00,248.808915000227,,,285.546754314643,235.808351860446,,,,140.789118145262,78.0989290608959
267,2004-12-04 11:00:00+00:00,250.928167733079,,,279.088941573941,236.075194067262,,,,137.707657331034,74.7898508491358
268,2004-12-20 11:00:18+00:00,241.46849604367,,,263.401176977208,228.585598617244,,,,129.328531591544,67.4155383580059
269,2005-01-05 11:00:30+00:00,245.31796105935,,,269.460100401333,233.654676191293,,,,134.753199535834,71.7676703727222
270,2005-01-21 11:00:42+00:00,247.752331209998,,,264.236827567761,235.526176425169,,,,133.808190734331,71.759017661757
271,2005-02-06 11:00:54+00:00,252.49102004563,,,262.143636122174,235.437884775881,263.046518707373,,,139.656821199665,66.2624766201517
272,2005-02-14 11:04:07+00:00,,,,273.862842694254,239.506548254893,,,,,85.929551188793
273,2005-03-02 11:04:12+00:00,251.620192433009,,,272.845075066684,238.063197223373,,,,140.70416285875,72.0008891871208
274,2005-03-26 11:01:34+00:00,252.147111780747,,,267.429560439022,230.320168886327,255.208218638396,,,,
275,2005-05-05 11:04:07+00:00,242.432834257518,,,279.696017053296,,,,,,77.4249540170702
276,2005-05-13 11:01:47+00:00,258.60836530729,,,293.397750042439,229.616543901385,262.194799739235,,,128.404511597003,77.3298702379657
277,2005-06-06 11:04:02+00:00,254.629811418506,,,,,,,,,
278,2005-06-14 11:02:03+00:00,,,,,,,,,,
279,2005-07-16 11:02:17+00:00,,,,,,,,,,
280,2005-08-17 11:02:34+00:00,,,,,,,,,,
281,2005-08-25 11:03:46+00:00,251.085552175657,,,272.372274509063,242.480506298288,,,,,85.8272817814782
282,2005-09-18 11:02:38+00:00,,,,284.261523979202,235.798134456328,,,,133.170239446995,85.5882794118244
283,2005-10-28 11:03:49+00:00,232.547169045012,,303.138352765002,259.745892829409,215.229854185521,,,166.240170717228,107.640553958994,
284,2005-11-05 11:02:40+00:00,250.924303748749,,,281.841706248996,238.280511905946,264.393322764918,,,142.4126288454,81.9167375367637
285,2005-11-29 11:04:05+00:00,,,,263.885232195512,225.924773101894,,,,140.679550203942,66.5863139937375
286,2005-12-15 11:04:08+00:00,,,,279.317220133269,240.661081491078,,,,142.317744850825,76.4566742768269
287,2006-03-13 11:05:36+00:00,254.829889176728,,,278.177276958217,237.742171961501,,,,140.007431147017,79.6364570767261
288,2006-04-30 11:06:25+00:00,260.179434328756,,,,,,,,,85.9503721372703
289,2006-05-24 11:04:35+00:00,,,,,,,,,,
290,2006-06-09 11:04:32+00:00,,,,,,,,,,
291,2006-07-03 11:07:23+00:00,,,,,,,,,,
292,2006-07-19 11:07:37+00:00,,,,,,,,,,
293,2006-08-04 11:07:49+00:00,,,,,,,,,,
294,2006-08-20 11:08:00+00:00,,,,276.751542458168,232.958297874358,,,,135.105050894494,86.7550071579129
295,2006-09-05 11:08:11+00:00,,,,,,254.968563873774,,,136.009717048618,74.5134847661926
296,2006-10-23 11:08:45+00:00,,,,267.050983842582,224.323318409954,252.958555830114,,,117.773934584425,57.2954589378761
297,2006-12-10 11:09:09+00:00,260.717655594081,,,280.656411186206,233.807965464856,,,,143.573078412176,84.0349325403857
298,2007-01-27 11:09:27+00:00,260.549812520371,,,272.048545469129,233.156433396275,,,,131.445688552521,69.068426943916
299,2007-03-08 11:05:01+00:00,,,,,234.089703263431,,,,141.868091369684,78.2700229735621
300,2007-03-16 11:09:28+00:00,,,,265.638819942081,230.76652676159,262.864131986535,,,130.340957866901,75.9374361633481
301,2007-03-24 11:05:03+00:00,,,,275.855372255161,241.141898465077,,,,,
302,2007-04-17 11:09:17+00:00,,,,278.042774872172,230.683666638902,262.499934404129,,,138.147985465554,72.7623676265578
303,2007-05-19 11:08:58+00:00,261.010180275085,,,,234.563396597823,,,,,85.1021022000913
304,2007-06-20 11:08:29+00:00,,,,,,,,,,
305,2007-07-06 11:08:16+00:00,,,,,,,,,,
306,2007-07-22 11:08:07+00:00,267.592674124536,,,,,,,,,
307,2007-07-30 11:04:39+00:00,264.788672332096,,,,238.339507460052,,,,,
308,2007-08-07 11:07:57+00:00,,,,265.903994743346,239.698642337464,255.802136554661,,,,
309,2007-08-23 11:07:47+00:00,,,,,,,,,,
310,2007-08-31 11:04:26+00:00,281.726118844038,,,279.546126019807,246.867999799663,,,,,95.9020604959055
311,2007-09-24 11:07:32+00:00,269.280741967501,,,,,,,,135.253090327391,83.0080274261368
312,2007-11-03 11:04:31+00:00,,,,267.564889056065,231.340641613527,,,,141.544833887116,
313,2008-01-22 11:04:51+00:00,276.416118958251,,,260.484860405665,236.049943946551,,,,141.192872570238,73.6646563349953
314,2008-02-07 11:04:49+00:00,278.658734037254,,,272.657853475355,241.341042655144,,,,,77.8917231282457
315,2008-03-02 11:04:48+00:00,262.760104060965,,,,,,,,134.204523816799,
316,2008-04-11 11:04:39+00:00,268.939378146416,,,260.065142788729,233.386770889071,,,,135.814094157555,74.3515829419392
317,2008-04-19 11:03:43+00:00,,,,243.884498660417,217.978074878174,247.826574920989,,178.817879942524,117.608280004045,48.2270609115926
318,2008-06-22 11:02:00+00:00,,,,273.593833165778,231.526654728159,,,,143.795410460419,78.6513115718884
319,2008-06-30 11:04:05+00:00,,,,,,,,,,
320,2008-07-08 11:01:33+00:00,,,,278.731544769306,236.63003598489,,,,,85.3725049795008
321,2008-07-24 11:01:05+00:00,,,,,,,,,144.419774107795,78.9338001875497
322,2008-08-09 11:00:36+00:00,,,,,,,,,,
323,2008-08-17 11:03:39+00:00,,,,,242.981375724475,,,,,
324,2008-08-25 11:00:10+00:00,,,,,233.684351554636,,,,140.545358329716,81.6471013656596
325,2008-09-10 10:59:43+00:00,,,,,230.86521726187,,,,,
326,2008-09-26 10:59:14+00:00,,,,,,,,,,
327,2008-10-04 11:03:13+00:00,,,,270.09276907901,,,,,,86.1819153558137
328,2008-10-20 11:03:16+00:00,269.063210410402,,,263.074472925069,239.392973906233,,,,,78.283074572478
329,2009-01-08 11:04:10+00:00,264.615409857131,,,257.147638211809,230.610997939751,,,,122.65354319272,63.4412163369423
330,2009-02-25 11:04:31+00:00,283.612519791856,,,268.534991694787,238.321483377039,,,,143.07474745838,
331,2009-03-13 11:04:39+00:00,,,,,238.639078848391,,,,,76.2680716878821
332,2009-03-29 11:04:46+00:00,283.519155461415,,,264.13170196633,238.434032105711,,,,,79.7874449651457
333,2009-04-22 11:01:50+00:00,285.871773206446,,,266.548862969987,231.827634436293,,,,141.755281519221,77.0804181950831
334,2009-06-01 11:04:57+00:00,,,,,,,,,,
335,2009-06-17 11:04:56+00:00,267.619733125262,,,,225.600804492732,261.095187579245,,,141.152454753242,72.9251081399089
336,2009-06-25 11:03:01+00:00,,,,,233.80547319577,,,,,
337,2009-07-03 11:04:53+00:00,,,,,,,,,,
338,2009-07-11 11:03:17+00:00,288.6858531448,,,274.116386768099,241.704615722807,263.867583162611,,,,86.0880518698585
339,2009-08-12 11:03:46+00:00,,,,,241.389145596334,,,,,
340,2009-08-20 11:04:41+00:00,284.216908458022,,,264.671795653836,,,,,143.638179697643,83.2847199051658
341,2009-08-28 11:04:02+00:00,285.693767084452,,,260.669274083813,,,,,,80.902572869749
342,2009-09-05 11:04:41+00:00,284.415969370788,,,261.843549600258,244.169254551713,,,,,
343,2009-09-21 11:04:39+00:00,286.077431549874,,,270.607229303611,243.599350334855,,,,,95.9630479771154
344,2009-09-29 11:04:27+00:00,,,305.244461715195,243.529979629479,226.884679220641,,,,,
345,2009-10-15 11:04:37+00:00,,,,,,,,,,
346,2009-11-24 11:05:14+00:00,282.935701729124,,,255.233236660878,236.843388405916,260.979130929604,,,,76.2096450236688
347,2009-12-10 11:05:25+00:00,252.613350204994,,,272.812976234292,224.734408923006,248.788484990907,,,130.879683264953,61.0231238215863
348,2009-12-26 11:05:42+00:00,,,,,217.781241400672,,,,,
349,2010-01-27 11:06:12+00:00,285.029220527538,,,262.769873392669,,252.464192615641,,,122.448958318153,77.035352039616
350,2010-02-20 11:05:26+00:00,288.496142434518,,,262.729599542079,225.869924636222,249.964232285459,,,124.371520816949,68.4222115366176
351,2010-04-01 11:06:43+00:00,289.881666431488,,,267.798888939946,,262.198984384023,,,,
352,2010-04-25 11:05:21+00:00,,,,254.756905603533,233.333426493286,253.101971397552,,,136.712396258311,71.63278847926
353,2010-05-03 11:06:41+00:00,290.197520829459,,,257.927220771245,239.274308919495,,,,142.078520059069,86.7643533438495
354,2010-05-11 11:05:19+00:00,,,,245.282374510995,226.849367138243,248.509562282621,,,132.972437694058,70.0950023026495
355,2010-05-19 11:06:37+00:00,,,,265.071749938207,227.921930779815,,,,145.006314882133,85.2415022419442
356,2010-06-20 11:06:40+00:00,,,,,,,,,,
357,2010-06-28 11:05:05+00:00,,,,,,,,,,
358,2010-07-06 11:06:43+00:00,284.700710308179,,,,236.10452043983,,,,138.738440235291,
359,2010-10-02 11:04:35+00:00,,,,,,,,,135.624110863101,86.5991222755185
360,2010-10-18 11:04:26+00:00,284.199011456476,,,259.300138883678,233.674711436265,256.096141052878,,,138.760732403774,85.2240149236147
361,2010-10-26 11:07:00+00:00,,,,266.301929274945,234.99021954069,,,,,97.0144917514391
362,2010-11-11 11:07:11+00:00,302.231399226198,,,268.96590216294,238.55191109431,,,,,101.496710073914
363,2011-03-19 11:08:04+00:00,,,,251.585860073179,234.649634912552,,,,136.297247283043,86.5461340297008
364,2011-04-04 11:08:08+00:00,292.643837793442,,,,233.930660402045,261.535089139848,,,139.252957765025,89.7364299788811
365,2011-04-12 11:04:17+00:00,,,,,,,,,139.15787649873,86.7914065686743
366,2011-04-28 11:04:09+00:00,,,,,,,,,,
367,2011-06-15 11:03:50+00:00,,,,,,,,,,
368,2011-07-25 11:08:00+00:00,,,,252.107857712906,237.570776301257,,,,142.712176829199,86.304143259491
369,2011-08-10 11:07:55+00:00,,,,,,,,,,
370,2011-08-18 11:03:20+00:00,,,,260.520614505622,,,,,,
371,2011-09-03 11:03:10+00:00,,,,261.16955693894,232.755022944113,264.313088945092,,,138.355539332734,96.5431052214892
372,2011-09-19 11:02:57+00:00,,,,,,,,,,
373,2011-10-05 11:02:36+00:00,,,,,,,,,,
374,2011-10-13 11:07:45+00:00,,,,,,,,,,
375,2011-10-29 11:07:52+00:00,,,,264.074467473082,245.979794141327,,,,,
376,2011-11-06 11:02:13+00:00,,,,246.141356420906,229.5612671562,239.946944090986,,,125.637759307753,68.4549592046672
377,2012-02-02 11:08:35+00:00,,,,253.41152294304,229.845734456329,257.959675718083,,,133.804612698977,89.553748468267
378,2012-02-18 11:08:39+00:00,294.462540741027,,,,224.693563319736,242.467637120739,,,133.276090535065,79.958401312652
379,2012-03-05 11:08:37+00:00,296.245772645345,,,,227.347001262927,251.543107993665,,,136.832844403642,91.6739141989276
380,2012-03-21 11:08:38+00:00,,,,,236.380377489553,,,,,93.5372756264983
381,2012-04-06 11:08:35+00:00,,,,246.434587861874,224.490550749708,248.406701645054,,,139.546321291465,88.7761128634274
382,2012-07-11 11:09:15+00:00,,,,248.196292666296,234.535916180792,261.460300933096,,,,99.9411830798083
383,2012-09-13 11:09:56+00:00,,,,242.057784775296,229.013430569263,249.948372391446,,,140.79528816053,93.1384930677934
384,2012-09-29 11:10:06+00:00,,,,255.511699666211,232.168361359486,253.660869592575,,,,
385,2012-10-15 11:10:15+00:00,,,,258.316230891162,238.285545694569,,,,,102.045907223184
386,2012-12-02 11:10:29+00:00,,,,262.570955255929,244.599283741729,,,,,108.316850237927
387,2013-01-03 11:10:41+00:00,,,,263.477236140368,242.264938855612,262.444619870655,,,,
388,2013-04-17 11:16:19+00:00,,,,263.150748671928,236.734604272778,248.343124647599,,,,99.917065244153
389,2013-04-25 11:10:25+00:00,,,,253.837606566667,234.227721153242,238.820425699598,,,,95.5464161720614
390,2013-05-11 11:10:23+00:00,,,,253.130865376828,234.097504782971,253.173108371609,,,,98.6816940085467
391,2013-06-04 11:16:33+00:00,,,,249.308311191801,,,,,,
392,2013-06-12 11:10:11+00:00,,,,,,,,,,
393,2013-06-20 11:16:26+00:00,,,,,,,,,,
394,2013-06-28 11:10:04+00:00,,,,265.900030691678,,253.149226126893,,,,103.394520053332
395,2013-07-06 11:16:30+00:00,,,,264.858938690957,238.104480791554,243.070949481864,,,,102.060478024725
396,2013-07-22 11:16:28+00:00,,,,,,,,,,
397,2013-07-30 11:09:46+00:00,,,,,235.117908446434,249.778977931883,,,,96.3375027013312
398,2013-08-07 11:16:31+00:00,,,,,,,,,,
399,2013-08-23 11:16:33+00:00,,,,266.740213772847,241.785250092306,257.690529214461,,,,111.167076188822
400,2013-08-31 11:09:59+00:00,,,,257.029213829971,229.082247123124,242.264434526393,,,,100.380438203217
401,2013-09-08 11:16:32+00:00,,,,274.863127952491,242.614001671204,256.943365360184,,,,114.300878053706
402,2013-09-16 11:10:10+00:00,,,,,,,,,,
403,2013-09-24 11:16:24+00:00,,,,262.904636325323,234.129228546592,256.231425241065,,,,106.161285318379
404,2013-10-10 11:16:24+00:00,,,,264.005535609549,241.392010387711,248.406696392104,,,,108.386621866965
405,2013-11-03 11:10:37+00:00,,,,255.634582313633,233.988298985947,246.08151057828,,,,91.3706223810239
406,2013-11-11 11:16:15+00:00,,,,256.308828451488,234.145137789766,241.624854115315,,,,97.2669925985669
407,2013-11-19 11:10:41+00:00,,,,,,248.573103179937,,,,
408,2013-11-27 11:16:07+00:00,,,,256.056939893734,236.298194196732,242.340694047203,,,,99.9900418432523
409,2013-12-13 11:16:04+00:00,,,,,,,,,,69.1780451978982
410,2013-12-21 11:10:52+00:00,,,,,236.882496193995,254.376458438049,,,,102.663980032108
411,2013-12-29 11:15:56+00:00,,,,253.250536460633,218.757561314847,228.70624051473,,,132.395681307787,77.0852322764125
412,2014-01-30 11:15:36+00:00,,,,264.174339099117,233.57323438847,241.576528652931,,,,97.0706228909737
413,2014-03-11 11:11:19+00:00,,,,249.586305850951,225.008925574786,239.913144438784,,,,93.0834811936977
414,2014-03-19 11:14:57+00:00,,,,,,,,,,
415,2014-04-28 11:11:43+00:00,,,,,,242.401269963333,,,,
416,2014-05-06 11:14:08+00:00,,,,,229.254613392528,247.419677368167,,,,98.3604355721301
417,2014-05-14 11:11:50+00:00,,,,,231.70100508378,251.710225018021,,,,98.8954169616178
418,2014-05-22 11:14:00+00:00,,,,243.963853860406,214.486249902656,229.229717544809,,,134.062903205047,77.3229234506162
419,2014-06-07 11:14:10+00:00,,,,241.387577134168,213.245707802582,228.539417207509,,,132.766991983455,75.976292341583
420,2014-06-15 11:11:55+00:00,,,,,232.612555622287,253.234473515827,,,,106.295428826217
421,2014-07-01 11:12:01+00:00,,,,,,,,,,110.127016370524
422,2014-07-09 11:14:22+00:00,,,,258.591682412195,233.803768619257,239.872461534614,,,,96.2678767612766
423,2014-07-17 11:12:02+00:00,,,,261.311348100532,239.336451365161,260.031181309412,,,,
424,2014-08-10 11:14:33+00:00,,,,,,,,,,
425,2014-08-18 11:12:09+00:00,,,,,232.320203698886,242.785784596764,,,,97.3599764441794
426,2014-08-26 11:14:35+00:00,,,,,,,,,,
427,2014-09-11 11:14:39+00:00,,,,,,250.407200080817,,,,98.0779102180232
428,2014-09-19 11:12:13+00:00,,,,,,,,,,
429,2014-10-29 11:14:40+00:00,,,,255.796929894669,230.30037234698,245.482254984179,,,,100.743585667502
430,2014-12-08 11:12:54+00:00,,,,285.2582087385,240.69037577422,252.924656967693,,,,103.130897179638
431,2014-12-24 11:13:03+00:00,,,,261.496579180891,239.775772476055,,,,,
432,2015-01-01 11:14:32+00:00,,,,257.790773263813,230.818429282917,238.85811812374,,,,94.8508695195952
433,2015-01-09 11:13:05+00:00,,,,,238.11778866421,253.500467110803,,,,110.781805205185
434,2015-01-25 11:13:07+00:00,,,,263.076640750643,239.276136860938,253.472066467475,,,,106.262720105368
435,2015-02-18 11:14:19+00:00,,,,259.723673982133,232.822477173889,245.94544691727,,,,103.477047210938
436,2015-03-06 11:14:13+00:00,,,,266.832175036839,236.804159706943,255.0547484102,,,,
437,2015-03-14 11:13:27+00:00,,,,,,239.61265272552,,,,
438,2015-03-22 11:14:04+00:00,,,,,,,,,,100.064620493948
439,2015-03-30 11:13:34+00:00,,,,,,,,,,
440,2015-04-15 11:13:44+00:00,,,,250.466471078392,221.267486600561,238.236146120359,,,,89.7223724718436
441,2015-04-23 11:13:51+00:00,,,,,,,,,,
442,2015-05-09 11:13:35+00:00,,,,,,,,,,88.5894110380896
443,2015-05-17 11:13:58+00:00,,,,257.565145894819,229.774333865272,,,,,
444,2015-05-25 11:13:34+00:00,,,,,,,,,,
445,2015-06-02 11:14:03+00:00,,,,,,238.488239663161,,,,
446,2015-06-18 11:14:07+00:00,,,,265.794768255454,235.165485943539,255.138341166486,,,,112.52042367454
447,2015-06-26 11:13:50+00:00,,,,,,,,,,96.1012719919946
448,2015-07-04 11:14:11+00:00,,,,,,246.772927068391,,,,
449,2015-07-12 11:14:02+00:00,,,,251.315718982652,,,,,,
450,2015-07-15 11:28:45+00:00,,,,268.900874885457,234.529192205126,249.449821457623,,,,113.271551115862
451,2015-07-15 11:28:45+00:00,,,,268.790504551534,234.417983311467,249.325617786874,,,,113.168873075968
452,2015-07-20 11:14:16+00:00,,,,,,251.060241208663,,,,
453,2015-07-25 11:25:40+00:00,,,,267.056408052141,235.44684962306,252.844339998081,,,,110.164238056284
454,2015-07-25 11:25:40+00:00,,,,267.064935937304,235.454194376492,252.855792287094,,,,110.17410342226
455,2015-07-25 11:25:40+00:00,,,,249.771339381704,210.323433390412,225.547440704617,,,,98.1416157141644
456,2015-07-28 11:14:07+00:00,,,,253.288241251338,222.164364501406,,,,,93.1085566051938
457,2015-08-04 11:25:39+00:00,,,,270.375532401071,237.179836363349,253.291774554955,,,,114.812613549713
458,2015-08-04 11:25:39+00:00,,,,270.449671161656,237.215173516868,253.338570576158,,,,114.809460682366
459,2015-08-04 11:25:39+00:00,,,,270.396231260809,237.203088936356,253.317204029802,,,,114.832848491579
460,2015-08-05 11:14:19+00:00,,,,258.170736067585,228.600872076635,249.355523015245,,,,107.609341799583
461,2015-08-14 11:24:00+00:00,,,,272.016955085917,235.701663297242,252.832096615633,,,,115.375248398573
462,2015-08-14 11:24:00+00:00,,,,,,,,58.6983917651376,104.517828030044,
463,2015-08-14 11:24:00+00:00,,,,272.172049522887,235.753346661258,252.903918489611,,,,115.499446738332
464,2015-08-21 11:14:22+00:00,,,,262.21752721344,222.753583477527,248.539109166465,,,,104.503608337925
465,2015-09-22 11:14:28+00:00,,,,262.652068805918,232.818956076206,243.01577634126,,,,106.699109015682
466,2015-09-30 11:14:31+00:00,,,,263.446356763898,237.123380139143,256.05093182912,,,,115.276554500401
467,2015-10-08 11:14:34+00:00,,,,256.96518280387,214.089142138388,,,,,93.4232232661624
468,2015-11-09 11:15:07+00:00,,,,255.523566475787,221.150959128568,235.627828942618,,,,98.3385117179134
469,2015-11-17 11:14:38+00:00,,,,261.155889439651,232.74462396025,242.695966764274,,,,105.279503454239
470,2015-11-22 11:29:24+00:00,,,,,,,,,,81.1806458550942
471,2015-11-22 11:29:24+00:00,,,,,,,,,,81.1167122493285
472,2015-12-03 11:14:39+00:00,,,,252.469664814113,227.272266195313,241.889980760098,,,,107.929123939556
473,2016-01-11 11:33:19+00:00,,,,,,241.407610788187,,,,
474,2016-01-11 11:33:19+00:00,,,,,,241.399099841849,,,,
475,2016-01-12 11:16:06+00:00,,,,274.552035510763,248.229013706313,,,,,
476,2016-01-20 11:14:36+00:00,,,,,,,,,,80.8779564648098
477,2016-01-28 11:16:17+00:00,,,,,,,,,,93.4830213026334
478,2016-02-05 11:14:32+00:00,,,,250.00635162918,214.355470021414,,,,,
479,2016-02-21 11:14:24+00:00,,,,256.99329768998,223.083370793419,233.214918128217,,,,95.9084456195416
480,2016-02-29 11:16:27+00:00,,,,266.770330428243,233.041645013784,250.384913065481,,,,
481,2016-03-08 11:14:23+00:00,,,,260.969600626129,230.632346053751,242.515108109127,,,,109.187056950679
482,2016-03-21 11:29:50+00:00,,,,254.125236432135,219.311075305758,234.553587476148,,,,95.6670508933824
483,2016-03-21 11:29:50+00:00,,,,254.125722276471,219.311445300839,234.553997077762,,,,95.6675209259043
484,2016-03-24 11:14:15+00:00,,,,,,,,,,108.718861846766
485,2016-04-01 11:16:41+00:00,,,,265.571640508089,229.291269358314,238.979081124412,,,,105.111520212598
486,2016-04-17 11:16:48+00:00,,,,237.021483934866,208.295697869405,209.646531008074,,,140.56075382606,72.8040155863919
487,2016-04-25 11:14:01+00:00,,,,261.551916987849,238.058990475947,247.067331892243,,,,108.94533922863
488,2016-04-30 11:26:39+00:00,,,,254.689530712113,226.265669345908,237.167174715595,,,,98.7317200760651
489,2016-04-30 11:26:39+00:00,,,,254.684737252366,226.260988772246,237.160692895737,,,,98.7264382685771
490,2016-05-03 11:16:53+00:00,,,,253.031007688404,225.223851270849,223.136641578274,,,,90.8095108283613
491,2016-05-19 11:16:55+00:00,,,,,230.365632682434,238.533506148511,,,,100.342234882532
492,2016-05-20 11:29:04+00:00,,,,262.491684833855,236.376410422913,246.099083243489,,,,106.281887686304
493,2016-05-20 11:29:04+00:00,,,,262.443433300006,236.337980598328,246.02074498239,,,,106.232041507397
494,2016-05-30 11:27:31+00:00,,,,248.924431679454,222.505075525857,232.8787572904,,,,
495,2016-05-30 11:27:31+00:00,,,,249.001033882338,222.555728052338,232.952248252415,,,,
496,2016-06-12 11:14:12+00:00,,,,257.555658355438,231.516501791226,241.401246277219,,,,105.290850121904
497,2016-06-19 11:24:23+00:00,,,,261.524144757986,234.955133377877,244.725920034698,,,,107.791662414993
498,2016-06-19 11:24:23+00:00,,,,261.49490057336,234.925157356241,244.660852166743,,,,107.752598422846
499,2016-06-20 11:17:04+00:00,,,,,234.253891443822,249.568385250066,,,,
500,2016-06-28 11:14:20+00:00,,,,,,,,,,
501,2016-06-29 11:27:37+00:00,,,,263.039229156641,232.168761419936,245.777127259542,,,,108.050912055962
502,2016-06-29 11:27:37+00:00,,,,262.93937023041,232.056216493706,245.693038255697,,,,107.940640338073
503,2016-07-09 11:24:03+00:00,,,,270.54839306547,240.906622957642,255.535834572747,,,,117.111104350962
504,2016-07-09 11:24:03+00:00,,,,270.60233233605,240.968102188887,255.585048116867,,,,117.180738663555
505,2016-07-14 11:14:27+00:00,,,,261.339085747639,238.01588208507,244.096499530143,,,,104.404991924868
506,2016-07-19 11:29:42+00:00,,,,243.882266127871,,186.944252298949,,,,
507,2016-07-19 11:29:42+00:00,,,,243.882266127871,,186.944252298949,,,,
508,2016-07-29 11:24:07+00:00,,,,263.701201485773,230.092276659172,243.982950555645,,,,107.276155554942
509,2016-07-29 11:24:07+00:00,,,,263.701201485773,230.092276659172,243.982950555645,,,,107.276155554942
510,2016-08-07 11:17:08+00:00,,,,280.643983087092,236.843286602043,248.031782702579,,,,115.076831352466
511,2016-08-08 11:29:20+00:00,,,,272.119082456688,241.007316756965,254.836320539344,,,,116.687793628106
512,2016-08-08 11:29:20+00:00,,,,272.077245717309,240.973999874417,254.799737400566,,,,116.641187396192
513,2016-08-15 11:14:35+00:00,,,,,,,,,,
514,2016-08-18 11:25:54+00:00,,,,264.078006868864,231.025591156052,246.907495075226,,,,106.825206480551
515,2016-08-18 11:25:54+00:00,,,,264.074393372486,231.021184661642,246.901997241714,,,,106.818776765348
516,2016-08-23 11:17:10+00:00,,,,267.177672552303,239.373175801276,250.623092952149,,,,116.147886151099
517,2016-08-28 11:30:33+00:00,,,,269.643868234996,233.730790428969,253.65234817071,,,,112.158973682238
518,2016-08-31 11:14:42+00:00,,,,264.497656302068,235.740283785022,243.430440146198,,,,104.973720020087
519,2016-09-08 11:17:13+00:00,,,,,231.536977346328,246.203956799107,,,,106.940547497465
520,2016-09-16 11:14:45+00:00,,,,263.228951022824,236.213089448852,249.022221332008,,,,111.177950544298
521,2016-09-17 11:24:20+00:00,,,,269.435891149196,240.807038121776,254.535476395611,,,,114.841311331829
522,2016-09-17 11:24:20+00:00,,,,269.399568808544,240.748621749825,254.488862461562,,,,114.78326731793
523,2016-09-24 11:17:15+00:00,,,,258.76093986501,,240.20636722031,,,,106.154632599694
524,2016-09-27 11:25:25+00:00,,,,267.607240746959,233.73775290796,252.380930105488,,,,109.941050233227
525,2016-09-27 11:25:25+00:00,,,,267.691997249015,233.812045608895,252.454429193554,,,,110.027470065747
526,2016-10-02 11:14:46+00:00,,,,,,,,,,
527,2016-10-07 11:29:02+00:00,,,,266.826599745948,238.08725039514,253.390024691289,,,,112.979160598963
528,2016-10-07 11:29:02+00:00,,,,266.826599745948,238.08725039514,253.390024691289,,,,112.979160598963
529,2016-10-10 11:17:16+00:00,,,,,230.87062774476,,,,,
530,2016-11-06 11:23:07+00:00,,,,267.339896369422,233.882513457562,248.137823962188,,,,109.983305950799
531,2016-11-06 11:23:07+00:00,,,,267.339896369422,233.882513457562,248.137823962188,,,,109.983305950799
532,2016-11-16 11:23:35+00:00,,,,276.413198396042,246.240036990082,262.531182784071,,,,120.911884425401
533,2016-11-16 11:23:35+00:00,,,,276.291934801481,246.124039629461,262.437881978932,,,,120.806756166294
534,2016-11-19 11:14:51+00:00,,,,266.85546238991,236.900883756429,250.327434172608,,,,109.708866969623
535,2016-11-26 11:26:49+00:00,,,,,,,,,,
536,2016-11-26 11:26:49+00:00,,,,,,,,,,
537,2016-11-27 11:17:02+00:00,,,,250.683990033503,221.331728653801,228.602103099004,,,,93.8317533849633
538,2016-12-05 11:14:50+00:00,,,,254.315027088653,227.602971777126,238.079455376174,,,,96.3469251116059
539,2016-12-06 11:27:47+00:00,,,,268.923334669653,234.927081761174,248.00453865956,,,,107.800305952941
540,2016-12-13 11:16:58+00:00,,,,,,,,,,91.2105901939801
541,2016-12-16 11:26:24+00:00,,,,237.944841158386,186.130344616892,,,,136.170807887201,
542,2016-12-21 11:14:45+00:00,,,,258.392865780757,229.176338231108,239.853994234733,,,,98.4769993097608
543,2016-12-26 11:29:57+00:00,,,,262.256743609905,229.674018798956,242.056131668803,,,,103.767502165501
544,2016-12-29 11:16:51+00:00,,,,260.893162153028,238.85787972356,251.527037844973,,,,
545,2017-01-14 11:16:40+00:00,,,,271.070654219573,240.071530316571,,,,,
546,2017-01-15 11:24:12+00:00,,,,282.154055046087,249.625195435646,263.163436621307,,,,
547,2017-01-22 11:14:38+00:00,,,,252.462400267757,222.755550000153,237.072141890699,,,,96.6412240927801
548,2017-02-14 11:30:29+00:00,,,,,216.83791864219,,,,,95.6485076701785
549,2017-03-06 11:21:06+00:00,,,,,,,,,,
550,2017-03-11 11:14:16+00:00,,,,252.319936524832,,,,,,
551,2017-03-19 11:16:42+00:00,,,,253.5688031362,228.929818736428,249.742935993637,,,,103.496627213047
552,2017-03-27 11:14:07+00:00,,,,251.251474366041,214.762618488707,234.81085679271,,,,89.8415938278906
553,2017-04-04 11:16:46+00:00,,,,,218.974538293013,242.461323732633,,,,91.9756221438322
554,2017-04-05 11:21:11+00:00,,,,258.931667343442,223.170619449905,243.093271343691,,,,100.026558646994
555,2017-04-12 11:14:00+00:00,,,,263.408270128859,232.395617717587,248.268512264895,,,,106.287682825123
556,2017-04-20 11:16:54+00:00,,,,255.079183910998,224.286859964536,238.972109895234,,,,93.7700795042336
557,2017-04-28 11:13:49+00:00,,,,,227.780759545523,245.920346161343,,,,
558,2017-05-06 11:16:58+00:00,,,,,202.589156819238,225.359471199874,,180.64100783626,139.777507601573,76.7252157583423
559,2017-05-14 11:13:56+00:00,,,,254.249845835123,,239.542687361458,,,,97.989399737161
560,2017-05-25 11:24:34+00:00,,,,257.582640024052,225.261865999558,239.509356971143,,,,102.628369671272
561,2017-05-30 11:14:06+00:00,,,,260.043772472473,229.193390161385,238.231753449517,,,,98.3326566115621
562,2017-06-04 11:27:55+00:00,,,,262.356568908747,227.918585367125,242.318131870365,,,,102.146911714335
563,2017-06-07 11:17:06+00:00,,,,,,,,,,
564,2017-06-14 11:24:22+00:00,,,,264.697650704046,231.021791378409,245.936372996804,,,,108.120200446078
565,2017-06-15 11:14:13+00:00,,,,256.492020537217,226.581680789049,241.373603381086,,,,106.281751424299
566,2017-06-23 11:17:09+00:00,,,,,,,,,,
567,2017-06-29 11:23:30+00:00,,,,,222.96688913225,239.561507113123,,,,
568,2017-07-01 11:14:17+00:00,,,,,,,,,,
569,2017-07-09 11:17:10+00:00,,,,,,,,,,
570,2017-07-09 11:21:13+00:00,,,,270.42464772036,234.844351351161,250.860585975724,,,,111.781963972085
571,2017-07-14 11:30:33+00:00,,,,,,,,,,
572,2017-07-17 11:14:21+00:00,,,,,,,,,,
573,2017-07-24 11:24:33+00:00,,,,270.152843544711,233.947912527825,250.642818497728,,,,112.106437369484
574,2017-07-25 11:17:10+00:00,,,,,232.929287139883,246.996399940073,,,,112.186801928035
575,2017-08-02 11:14:29+00:00,,,,262.702785188311,229.476393376699,239.324074577083,,,,97.6186452076773
576,2017-08-03 11:28:50+00:00,,,,268.619459052381,234.284494729735,250.080923430609,,,,110.867889575958
577,2017-08-08 11:25:10+00:00,,,,279.738446718372,241.644820070146,255.282569920443,,,,120.073985955512
578,2017-08-10 11:17:07+00:00,,,,265.27371148889,231.846746216792,248.636491186949,,,,116.077873342203
579,2017-08-13 11:24:33+00:00,,,,273.708945307015,237.937873185506,255.165001903005,,,,118.272465402013
580,2017-08-18 11:14:34+00:00,,,,256.346120683539,224.006917961108,234.57894210365,,,,95.6816510446667
581,2017-08-18 11:28:01+00:00,,,,272.376142196695,235.080895085242,251.36653787918,,,,112.704927869583
582,2017-08-23 11:21:14+00:00,,,,271.112664370007,233.229749568789,252.584105120528,,,,115.930556106645
583,2017-08-26 11:17:07+00:00,,,,,,,,,,
584,2017-09-02 11:24:31+00:00,,,,268.50286363106,232.300477167457,246.52282181666,,,,109.757472636482
585,2017-09-07 11:21:06+00:00,,,,283.399966655208,244.449111049754,259.368298417801,,,,122.715006686104
586,2017-09-11 11:17:06+00:00,,,,271.966606428326,236.720668824538,248.173455798775,,,,118.042725976356
587,2017-09-12 11:21:11+00:00,,,,274.245926140451,234.439131750268,251.332384124636,,,,115.237063164693
588,2017-09-17 11:26:16+00:00,,,,251.788637443356,218.381645930289,233.898610401754,,,,95.9497103984178
589,2017-09-19 11:14:40+00:00,,,,,,,,,,99.8610975052585
590,2017-09-22 11:26:55+00:00,,,,278.627156174539,240.543793354982,255.163738978004,,,,120.692652484965
591,2017-09-27 11:17:06+00:00,,,,,231.696493684421,247.318658644322,,,,109.975025558569
592,2017-09-27 11:28:07+00:00,,,,273.368260842474,236.201198987326,254.874349540711,,,,117.289302329024
593,2017-10-02 11:30:01+00:00,,,,267.800758366297,233.512333596728,248.941794259876,,,,109.342308554781
594,2017-10-05 11:14:46+00:00,,,,,,,,,,
595,2017-10-07 11:20:58+00:00,,,,277.446269548184,242.20643760851,257.154524811949,,,,121.175877427357
596,2017-10-12 11:27:13+00:00,,,,267.933215243992,233.342044432163,247.740342531499,,,,113.012200608715
597,2017-10-13 11:17:08+00:00,,,,,,,,,,
598,2017-10-17 11:29:18+00:00,,,,261.089440379324,221.909891107524,236.264389571706,,,,98.4366040014292
599,2017-10-22 11:28:02+00:00,,,,274.113427809708,234.082547367256,243.975370227652,,,,108.183985374032
600,2017-10-27 11:25:51+00:00,,,,274.905461106684,237.287165648153,252.656654475077,,,,118.543001391214
601,2017-10-29 11:17:09+00:00,,,,,,,,,,98.9217649926524
602,2017-11-06 11:14:48+00:00,,,,273.703274217731,235.659125388004,252.430070714887,,,,116.681489605452
603,2017-11-06 11:30:10+00:00,,,,292.323930525823,253.39767268281,264.248846272902,,,,133.457322204094
604,2017-11-11 11:25:34+00:00,,,,275.869952331083,237.687152305731,253.027466899532,,,,119.068569069302
605,2017-11-14 11:17:06+00:00,,,,258.88333563848,223.997829857548,234.205699519848,,,,102.835251102133
606,2017-11-16 11:27:15+00:00,,,,271.241509841401,233.293534879167,246.969353733955,,,,113.731051893856
607,2017-11-21 11:28:37+00:00,,,,275.047856444147,235.016466726498,251.31059958421,,,,115.975861687082
608,2017-11-26 11:25:18+00:00,,,,,,,,,,
609,2017-11-30 11:17:01+00:00,,,,253.335378156744,222.606477762671,234.306352564064,,,,100.988795664566
610,2017-12-01 11:26:42+00:00,,,,271.283111818114,231.886871424863,244.446140461151,,,,113.201937729363
611,2017-12-11 11:24:47+00:00,,,,,,,,,,
612,2017-12-16 11:16:52+00:00,,,,264.907690339984,227.966529775611,,,,,97.8086015616856
613,2017-12-16 11:24:45+00:00,,,,274.120392148031,234.467867626974,245.245956386955,,,,114.087025432185
614,2017-12-21 11:28:10+00:00,,,,278.885349714098,239.421334848411,252.046967814015,,,,120.261383559168
615,2017-12-26 11:24:48+00:00,,,,,219.545087338877,235.778056597579,,,,99.9743367172381
616,2018-01-01 11:16:40+00:00,,,,255.169248431489,220.451522340847,231.723040450362,,,,
617,2018-01-10 11:24:27+00:00,,,,,,,,,,87.7265927180239
618,2018-01-15 11:29:34+00:00,,,,270.0980560135,230.589741078709,247.711547684593,,,,108.809038265036
619,2018-01-17 11:16:27+00:00,,,,,228.510537518045,242.946777682353,,,,110.975067040255
620,2018-01-30 11:26:01+00:00,,,,266.155385201676,227.222972669406,239.795187226733,,,,107.397658673155
621,2018-02-02 11:16:11+00:00,,,,277.227244120349,237.400377596562,253.526663642725,,,,
622,2018-02-04 11:30:25+00:00,,,,276.393912171589,235.179571469106,251.398102778784,,,,
623,2018-02-10 11:14:21+00:00,,,,265.115462585402,229.455700373823,238.525186114921,,,,101.717058023247
624,2018-02-18 11:16:00+00:00,,,,274.756571580022,232.987943433489,,,,,
625,2018-02-24 11:22:28+00:00,,,,263.433694745489,223.511498166251,239.967773168605,,,,101.21980794863
626,2018-03-01 11:28:12+00:00,,,,,178.904956075176,,226.13986050809,,66.5009906584009,
627,2018-03-11 11:26:08+00:00,,,,219.61070661379,183.130129832357,190.267378945285,,169.362101133434,124.393441265184,50.7569592332237
628,2018-03-16 11:25:29+00:00,,,,,,,,,,
629,2018-03-21 11:23:21+00:00,,,,279.604880860359,240.935945250874,251.779902173468,,,,126.200426454658
630,2018-03-22 11:15:37+00:00,,,,273.765241829244,229.700494144381,238.741038508436,,,,
631,2018-03-26 11:29:19+00:00,,,,282.440754281105,238.069439693347,245.977118932997,,,,108.970855408873
632,2018-03-31 11:21:13+00:00,,,,263.832942890308,224.860669656831,230.009644583411,,,,94.8624872257031
633,2018-04-25 11:28:21+00:00,,,,273.53212049172,230.139571770931,238.009357700595,,,,100.044982859796
634,2018-04-30 11:21:23+00:00,,,,,,239.963533448306,,,,97.2943706467247
635,2018-05-01 11:13:41+00:00,,,,267.098373216449,232.703362829206,,,,,
636,2018-05-05 11:23:04+00:00,,,,287.389986242016,246.719971767041,259.517992614972,,,,119.188724398065
637,2018-05-10 11:30:21+00:00,,,,271.547749885081,231.207712727758,239.786156700356,,,,102.487224436101
638,2018-05-15 11:21:16+00:00,,,,280.760964336923,237.744981770967,250.248668584769,,,,111.310072454988
639,2018-05-17 11:13:30+00:00,,,,279.262616685526,238.218525671627,249.000198298356,,,,
640,2018-05-20 11:25:43+00:00,,,,,,,,,,105.317747921907
641,2018-05-25 11:14:34+00:00,,,,260.288734790678,224.335197431758,228.021488304732,,,,
642,2018-05-25 11:21:11+00:00,,,,268.88705892625,224.860159131954,233.241253526653,,,,91.9752384696354
643,2018-06-09 11:24:13+00:00,,,,,208.204612204308,213.774946091498,,,139.613268165045,78.0435549893969
644,2018-06-18 11:13:26+00:00,,,,,,,,,,
645,2018-06-19 11:26:02+00:00,,,,273.413209244879,231.822675126898,243.48390548632,,,,108.931097725654
646,2018-06-24 11:24:52+00:00,,,,270.166693044792,229.067928462859,238.582012986853,,,,100.370865602784
647,2018-06-26 11:14:00+00:00,,,,,,,,,,
648,2018-07-04 11:21:12+00:00,,,,,,,,,,
649,2018-07-04 11:30:35+00:00,,,,,,239.349203920919,,,,
650,2018-07-09 11:24:55+00:00,,,,,,,,,,
651,2018-07-14 11:21:12+00:00,,,,280.940879032199,236.427285198234,250.016585656219,,,,116.151026875692
652,2018-07-19 11:23:57+00:00,,,,271.099209930825,225.735035117318,239.680152950033,,,,104.74474343785
653,2018-07-20 11:13:43+00:00,,,,,,238.227478725436,,,,105.844730428557
654,2018-07-24 11:23:35+00:00,,,,,,,,,,
655,2018-07-28 11:13:25+00:00,,,,,,,,,,
656,2018-07-29 11:28:45+00:00,,,,279.781547518809,234.310080698575,252.020114857957,,,,115.984925621776
657,2018-08-03 11:21:24+00:00,,,,284.8929190964,240.44035396456,253.484355204784,,,,119.42362948801
658,2018-08-05 11:13:51+00:00,,,,,,,,,,
659,2018-08-08 11:25:58+00:00,,,,275.832416044719,232.070241552764,246.98076678498,,,,110.049452616262
660,2018-08-13 11:13:07+00:00,,,,,241.379050151409,249.615916739563,,,,115.890822760796
661,2018-08-13 11:30:20+00:00,,,,293.020417645484,249.977543344814,261.971953497548,,,,128.760532514275
662,2018-08-18 11:26:27+00:00,,,,277.999716843962,234.761249744729,246.410367510248,,,,113.629245374525
663,2018-08-21 11:14:00+00:00,,,,,,,,,,
664,2018-08-23 11:23:34+00:00,,,,281.87707654212,235.133269962326,249.276234572134,,,,115.840088967472
665,2018-08-29 11:12:48+00:00,,,,,,,,,,109.926713790516
666,2018-09-02 11:27:16+00:00,,,,287.090197684855,242.436765841794,254.232295543264,,,,121.51128586152
667,2018-09-07 11:25:56+00:00,,,,273.862107046647,229.535338403715,239.730419947952,,,,104.426031090795
668,2018-09-12 11:27:23+00:00,,,,294.199110769122,249.332705809018,264.59509232195,,,,131.5440409257
669,2018-09-17 11:29:30+00:00,,,,271.308513730844,228.367147243489,242.689896591031,,,,104.2344329475
670,2018-09-22 11:14:10+00:00,,,,,,,,,,
671,2018-09-22 11:21:06+00:00,,,,283.540277303469,241.8123293183,255.596593855113,,,,117.39253929094
672,2018-09-27 11:29:59+00:00,,,,283.166496240055,237.844308623254,253.976148712227,,,,119.23267494097
673,2018-09-30 11:12:04+00:00,,,,274.278353657372,,242.397116312098,,,,109.058788376461
674,2018-10-02 11:29:55+00:00,,,,281.522468732227,239.518886776759,252.732365828741,,,,124.923366704348
675,2018-10-07 11:23:05+00:00,,,,277.009558893428,236.550814161697,246.109497616273,,,,112.227210799291
676,2018-10-08 11:14:18+00:00,,,,,,,,,,108.367666554262
677,2018-10-16 11:11:40+00:00,,,,269.980079172488,224.504259914974,234.936526480108,,,,98.2077323382494
678,2018-10-17 11:24:39+00:00,,,,,223.836046924284,231.359789668896,,,,99.0385015048661
679,2018-10-22 11:28:30+00:00,,,,280.26191199668,239.264495721606,248.800395066381,,,,114.226707530011
680,2018-10-24 11:14:24+00:00,,,,280.347417329749,235.948842781081,239.46828149151,,,,
681,2018-10-27 11:24:38+00:00,,,,291.819526544515,245.405247589351,254.545227014355,,,,122.465911937862
682,2018-11-01 11:11:20+00:00,,,,,,,,,,
683,2018-11-01 11:24:36+00:00,,,,289.526883903221,246.024069385455,253.633277406822,,,,113.410168511154
684,2018-11-16 11:30:37+00:00,,,,274.865105826793,230.981304425896,238.488196915773,,,,97.9966864647657
685,2018-12-06 11:30:35+00:00,,,,267.593527819237,226.568705218532,234.750874656514,,,,100.886220459591
686,2018-12-11 11:30:40+00:00,,,,,,,,,,
687,2018-12-16 11:30:35+00:00,,,,,,,,,,86.6524574875721
688,2018-12-21 11:30:39+00:00,,,,281.084770899466,240.073412440283,244.110942517295,,,,111.289846065912
689,2018-12-31 11:30:41+00:00,,,,279.386692913011,236.397056286169,243.587482456934,,,,112.137926417137
690,2019-01-05 11:30:38+00:00,,,,276.56606685501,234.533718156483,242.472267912066,,,,110.449746217597
691,2019-01-10 11:30:42+00:00,,,,291.726201536403,250.445463519407,256.889452167535,,,,125.200448631403
692,2019-01-12 11:14:21+00:00,,,,286.48185278387,240.060385305109,244.082200651229,,,,114.977222322577
693,2019-01-20 11:09:08+00:00,,,,272.228411911192,225.812396917314,232.148954821724,,,,96.4508964916575
694,2019-01-20 11:30:43+00:00,,,,283.133250898628,241.163407187186,246.440633677816,,,,112.505590319306
695,2019-01-25 11:30:40+00:00,,,,285.597998189664,247.348022688801,254.908688769133,,,,122.230919083579
696,2019-02-04 11:30:40+00:00,,,,278.632731268586,237.203392182841,244.914184502027,,,,121.740251322613
697,2019-02-05 11:08:38+00:00,,,,,233.730646831898,241.945103953512,,,,118.404645039732
698,2019-02-09 11:30:44+00:00,,,,,239.697907082022,246.16946871344,,,,118.157161942185
699,2019-02-13 11:14:15+00:00,,,,278.185670711258,236.865750558637,240.258330798368,,,,112.120104585416
700,2019-02-14 11:30:40+00:00,,,,272.55242615366,234.58865767064,238.542198786866,,,,114.311550033537
701,2019-02-24 11:30:39+00:00,,,,269.643836834031,231.432048184806,239.794416729204,,,,107.598688348857
702,2019-03-06 11:30:38+00:00,,,,,,,,,,
703,2019-03-09 11:07:39+00:00,,,,273.708597680066,233.811403695877,240.808139421724,,,,115.330070691755
704,2019-03-11 11:30:37+00:00,,,,288.673407787983,249.568069560009,254.871108811771,,,,128.578876979953
705,2019-03-11 11:30:43+00:00,,,,288.571233526557,249.424277832755,254.796557139365,,,,128.423555592859
706,2019-03-16 11:30:40+00:00,,,,277.261716180197,235.632462975604,241.67301847655,,,,117.800105251586
707,2019-03-21 11:30:43+00:00,,,,283.699759151829,252.524232465051,248.908796174754,,,,122.077838193558
708,2019-03-25 11:07:07+00:00,,,,,228.719247171554,240.981558890033,,,,117.44444627159
709,2019-03-26 11:30:43+00:00,,,,275.921017685513,238.832559082439,243.588155508299,,,,119.002754773395
710,2019-03-31 11:30:46+00:00,,,,276.783296901042,236.109958691829,241.55967210783,,,,116.842598867387
711,2019-04-02 11:14:03+00:00,,,,263.193490456846,225.031528777691,234.528270953415,,,,108.642516505385
712,2019-04-20 11:30:50+00:00,,,,283.039502661185,242.131289420773,242.703318167299,,,,118.845630671678
713,2019-04-25 11:30:47+00:00,,,,,212.478882979012,,,,,99.7981528967362
714,2019-04-30 11:30:51+00:00,,,,278.077089626578,235.538707511834,240.568605099608,,,,117.090573807419
715,2019-05-04 11:13:57+00:00,,,,271.279215274784,234.212312078985,,,,,113.547939148546
716,2019-05-05 11:30:47+00:00,,,,261.613471819905,223.449588293711,227.81850954515,,,,115.556499678566
717,2019-05-12 11:05:22+00:00,,,,270.914517406894,234.70102758488,224.105648618741,,,,106.791915944935
718,2019-05-15 11:30:47+00:00,,,,258.147914284461,211.382596661462,215.996551696244,,,,103.654567034921
719,2019-05-25 11:30:47+00:00,,,,274.43044119788,234.799960262207,243.196963374465,,,,120.630214274372
720,2019-05-28 11:04:45+00:00,,,,263.417061748208,222.794041687421,229.613553859961,,,,
721,2019-05-30 11:30:52+00:00,,,,280.1583835811,235.851197801326,242.127626529477,,,,119.942317587633
722,2019-06-09 11:30:51+00:00,,,,274.164466514144,233.537946571735,239.005536377126,,,,116.013430059672
723,2019-06-13 11:04:11+00:00,,,,,,,,,,
724,2019-06-21 11:14:22+00:00,,,,266.680306419031,228.072777535711,232.666244744551,,,,113.396444802842
725,2019-06-29 11:03:36+00:00,,,,265.910134631113,223.42543433351,,,,,
726,2019-06-29 11:30:52+00:00,,,,276.725292470248,235.401718219347,241.233783373784,,,,119.140813997828
727,2019-07-04 11:30:48+00:00,,,,,237.491213936262,241.699556825948,,,,121.726780760875
728,2019-07-07 11:14:26+00:00,,,,267.097536017386,229.337532327117,234.095626582394,,,,116.606759489718
729,2019-07-09 11:30:52+00:00,,,,282.698131039428,241.609044029637,247.972211921046,,,,122.600090049105
730,2019-07-14 11:30:49+00:00,,,,267.759604508497,225.958972554056,228.875666944528,,,,109.939848147148
731,2019-07-15 11:02:58+00:00,,,,265.44745909135,223.110290664255,234.027876225054,,,,
732,2019-07-19 11:30:52+00:00,,,,287.803128033606,247.842384237177,255.480748807915,,,,134.102543596747
733,2019-07-23 11:14:30+00:00,,,,,,,,,,
734,2019-07-24 11:30:48+00:00,,,,273.166932379723,232.910940345682,237.488811078642,,,,116.935681691267
735,2019-07-29 11:30:52+00:00,,,,275.624774726622,235.1015343074,240.109901567232,,,,112.49251800035
736,2019-07-31 11:02:20+00:00,,,,265.862040142886,234.806914184227,,,,,
737,2019-08-03 11:30:48+00:00,,,,283.404305421511,242.267760177698,246.126900691097,,,,130.034517499169
738,2019-08-13 11:30:47+00:00,,,,278.536355089213,235.533380924552,243.460975315187,,,,119.773902165064
739,2019-08-16 11:01:40+00:00,,,,273.427505907703,,234.283870252539,,,,120.117879838601
740,2019-08-18 11:30:49+00:00,,,,285.809832207735,243.796278949822,249.681098514862,,,,129.909152025883
741,2019-08-23 11:30:45+00:00,,,,280.311654917649,241.507748408791,248.04295385578,,,,135.760340227709
742,2019-08-24 11:14:41+00:00,,,,,,,,,,
743,2019-08-28 11:30:48+00:00,,,,282.767450600587,246.761125946464,248.78585387364,,,,122.707859802597
744,2019-09-01 11:00:59+00:00,,,,272.018923805138,,236.674410480916,,,,115.698207749129
745,2019-09-02 11:30:44+00:00,,,,278.79201373761,235.182719626161,243.49527534533,,,,122.626195661281
746,2019-09-07 11:30:45+00:00,,,,285.648431107347,243.096954362083,247.646165627499,,,,125.550182047994
747,2019-09-09 11:14:45+00:00,,,,,,,,,,
748,2019-09-12 11:30:42+00:00,,,,282.649586594773,240.151986298576,241.77135460196,,,,119.607660143804
749,2019-09-17 11:00:17+00:00,,,,,230.262448583761,240.788361007066,,,,120.701057982592
750,2019-09-17 11:30:43+00:00,,,,286.676831237862,244.978696862293,254.235451489304,,,,131.618122900317
751,2019-09-25 11:14:50+00:00,,,,274.119686874346,228.789643160505,232.981009915381,,,,101.239124545496
752,2019-09-27 11:30:44+00:00,,,,279.69022453327,240.005139960759,244.452614277325,,,,115.370546090778
753,2019-10-02 11:30:45+00:00,,,,286.727810187491,245.119598993735,,,,,
754,2019-10-03 10:59:36+00:00,,,,273.51697765107,231.310916257693,,,,,
755,2019-10-07 11:30:44+00:00,,,,282.523275708063,237.974273007679,242.571017538123,,,,122.796301912743
756,2019-10-22 11:30:47+00:00,,,,280.792171685153,235.559593790535,239.462762527959,,,,120.86553473908
757,2019-11-04 10:58:14+00:00,,,,250.794100668897,223.613777106073,230.409848934693,,,,104.689287194101
758,2019-11-16 11:30:42+00:00,,,,291.879328214313,249.228393761979,252.166834236864,,,,
759,2019-11-20 10:57:30+00:00,,,,,214.507835959011,218.830147368856,,,,101.474888374325
760,2019-11-21 11:30:44+00:00,,,,,208.315867966863,197.820695925587,226.206594762982,172.215834064678,,77.0405606875461
761,2019-12-06 10:56:43+00:00,,,,263.87989854501,,228.25963837802,,,,111.050583553534
762,2019-12-06 11:30:37+00:00,,,,280.867811455904,236.341112273525,240.945564921163,,,,124.214304291048
763,2019-12-11 11:30:40+00:00,,,,,,,,,,93.1675576472405
764,2019-12-14 11:14:49+00:00,,,,,,,,,,
765,2019-12-22 10:55:54+00:00,,,,,,,,,,
766,2019-12-30 11:14:44+00:00,,,,284.581651963731,240.882477638728,239.756727243525,,,,119.489960669929
767,2020-01-05 11:30:38+00:00,,,,275.212246454138,234.938267820437,238.136275140212,,,,119.621156262692
768,2020-01-10 11:30:38+00:00,,,,275.468863139425,236.940888227036,235.602267596747,,,,116.054639304661
769,2020-01-20 11:30:37+00:00,,,,273.944267492047,233.566671050523,230.486472371425,,,,118.113254552117
770,2020-02-04 11:30:41+00:00,,,,,,,,,,
771,2020-02-19 11:30:38+00:00,,,,267.502126239855,228.164085480364,228.636214483272,,,,107.745575829443
772,2020-02-24 10:52:39+00:00,,,,278.905476482196,237.242736313296,241.033687345068,,,,
773,2020-02-24 11:30:40+00:00,,,,288.191694740607,248.791248686836,251.640168931961,,,,131.678848428745
774,2020-03-05 11:30:45+00:00,,,,,,,,,,
775,2020-03-10 11:30:39+00:00,,,,277.909513310616,238.664559125958,242.575360335419,,,,122.335148256783
776,2020-03-11 10:51:47+00:00,,,,,,247.743552872414,,,,123.661010953161
777,2020-03-15 11:30:41+00:00,,,,285.106458376336,243.364085714741,244.856818179712,,,,130.062639121481
778,2020-03-25 11:30:41+00:00,,,,280.129512701222,240.851099715892,254.734220607252,,,,125.567020938679
779,2020-03-27 10:50:54+00:00,,,,,,,,,,
780,2020-04-12 10:49:59+00:00,,,,278.685527868922,240.224303191001,237.095441948374,,,,122.972943987208
781,2020-04-24 11:30:38+00:00,,,,280.808733528589,241.838209791919,244.237342227278,,,,124.719152175539
782,2020-04-28 10:49:02+00:00,,,,271.274439374022,232.997719210691,241.59946029856,,,,
783,2020-05-04 11:30:40+00:00,,,,,208.431473060366,,,,,
784,2020-05-06 11:13:55+00:00,,,,263.755093571233,,,,,,
785,2020-05-09 11:30:48+00:00,,,,,,222.311075932384,,,,
786,2020-05-22 11:13:57+00:00,,,,,228.277192576989,233.059347385118,,,,116.460168174145
787,2020-05-24 11:30:44+00:00,,,,283.769163437938,242.781677257026,243.350883163117,,,,128.14783011278
788,2020-05-29 11:30:45+00:00,,,,272.185514757404,233.971463238738,237.150674009383,,,,122.841035625615
789,2020-05-29 11:30:52+00:00,,,,271.49143300127,233.543178952247,236.593595858768,,,,122.361852738561
790,2020-06-03 11:30:45+00:00,,,,264.938564885068,230.182488969341,225.255276643134,,,,97.8573612457438
791,2020-06-08 11:30:50+00:00,,,,269.283533564813,208.300070660556,,,,,116.129538242415
792,2020-06-13 11:30:46+00:00,,,,274.676942606455,233.88289825339,235.722597375935,,,,121.615219588501
793,2020-06-15 10:46:10+00:00,,,,,,,,,,127.159568616726
794,2020-06-18 11:30:49+00:00,,,,256.976837155331,218.88589517913,219.158410576251,,,,104.743561014408
795,2020-06-23 11:14:14+00:00,,,,,,,,,,
796,2020-06-23 11:30:46+00:00,,,,283.938257400979,242.34034638846,242.947477304352,,,,129.249210457737
797,2020-06-28 11:30:45+00:00,,,,275.246142099437,232.686360731967,236.021162880345,,,,122.070527794499
798,2020-06-28 11:30:51+00:00,,,,274.552142488734,232.189863936154,235.513044544785,,,,122.114832335439
799,2020-07-01 10:45:13+00:00,,,,,,,,,,
800,2020-07-03 11:30:46+00:00,,,,272.103793644784,233.865234378101,236.154749499077,,,,121.523363608849
801,2020-07-08 11:30:48+00:00,,,,276.42868018168,235.516680004878,240.977554967465,,,,124.971739313011
802,2020-07-09 11:14:21+00:00,,,,,,,,,,
803,2020-07-13 11:30:45+00:00,,,,284.176652587865,243.870905269216,243.058118981883,,,,131.358261067775
804,2020-07-17 10:44:15+00:00,,,,,,,,,,
805,2020-07-23 11:30:45+00:00,,,,285.28556231887,242.377837469711,244.049507093385,,,,
806,2020-07-25 11:14:26+00:00,,,,273.77305537991,232.876601206905,235.875844825686,,,,121.586212144719
807,2020-07-28 11:30:49+00:00,,,,279.106502301097,235.703948186955,239.070897068513,,,,127.609269697722
808,2020-08-02 10:43:15+00:00,,,,266.790821432416,230.884379054565,234.576959826962,,,,
809,2020-08-02 11:30:46+00:00,,,,282.828711911055,242.2071177633,242.415676220963,,,,122.863453438085
810,2020-08-07 11:30:49+00:00,,,,278.830799635829,240.919773349641,242.446772791078,,,,127.652785057417
811,2020-08-10 11:14:29+00:00,,,,,,,,,,120.938063552936
812,2020-08-12 11:30:47+00:00,,,,,,240.910156296729,,,,
813,2020-08-17 11:30:49+00:00,,,,,,,,,,119.418669426371
814,2020-08-22 11:30:47+00:00,,,,292.019946456208,248.019732382398,253.204639636132,,,,
815,2020-08-26 11:14:37+00:00,,,,,,235.615270391339,,,,
816,2020-08-27 11:30:49+00:00,,,,280.345496536207,241.219836937782,240.133191190728,,,,126.762543920612
817,2020-09-01 11:30:47+00:00,,,,288.124898810405,246.910513244623,248.955774606545,,,,
818,2020-09-03 10:41:12+00:00,,,,,231.332229530359,236.772824925531,,,,120.605424720572
819,2020-09-06 11:30:48+00:00,,,,286.308212819371,243.359143328706,246.386160444563,,,,
820,2020-09-11 11:30:46+00:00,,,,,,,,,,
821,2020-09-19 10:40:08+00:00,,,,279.757524428341,240.800067380015,250.963235299735,,,,127.285115610605
822,2020-09-21 11:30:46+00:00,,,,289.23822688722,247.370171530176,253.771807814447,,,,
823,2020-09-26 11:30:49+00:00,,,,275.461636363532,235.880237198159,239.338602974403,,,,127.129604781631
824,2020-09-27 11:14:49+00:00,,,,,,,,,,
825,2020-10-06 11:30:49+00:00,,,,289.920631328962,248.879807964256,253.121851830844,,,,
826,2020-10-11 11:30:47+00:00,,,,287.306962199544,245.024013660052,249.496838368479,,,,133.423125172593
827,2020-10-13 11:14:51+00:00,,,,,,,,,,118.668940129253
828,2020-10-16 11:30:49+00:00,,,,278.751362636632,235.452955627585,238.609306715171,,,,125.908750259161
829,2020-10-21 10:38:05+00:00,,,,,,,,,,111.279598836181
830,2020-10-21 11:30:47+00:00,,,,272.910324508936,233.070507672632,240.410504242137,,,,119.397707331367
831,2020-10-26 11:30:49+00:00,,,,253.890791169021,215.965229958846,214.276249582364,,,,95.9612032019292
832,2020-10-29 11:14:50+00:00,,,,253.295955491859,221.907328245018,226.166419309592,,,,101.676438940809
833,2020-11-05 11:30:48+00:00,,,,,,224.450937107689,,,,
834,2020-11-10 11:30:45+00:00,,,,282.709211282618,243.633852371199,246.422540898806,,,,127.520617533965
835,2020-11-15 11:30:47+00:00,,,,258.644068131923,221.501301652131,228.592554401096,,,,104.618258673741
836,2020-11-20 11:30:44+00:00,,,,287.872897650536,246.378165440102,251.124531941263,,,,132.76023124928
837,2020-11-22 10:35:53+00:00,,,,261.098372375461,,227.06833212079,,,,
838,2020-12-05 11:30:42+00:00,,,,,230.162551820056,233.003469038058,,,,
839,2020-12-15 11:30:41+00:00,,,,,,,,,,
840,2020-12-20 11:30:39+00:00,,,,281.720400614242,238.765583819403,242.049421371969,,,,122.060494607381
841,2020-12-24 10:33:31+00:00,,,,,,,,,,
842,2020-12-30 11:30:41+00:00,,,,286.972748805218,242.807377036763,249.707038448557,,,,128.993757848382
843,2021-01-01 11:14:47+00:00,,,,,,,193.120565106079,,,
844,2021-01-04 11:30:47+00:00,,,,,,,,,,
845,2021-01-14 11:30:44+00:00,,,,285.318023830751,243.203304101721,249.321504438581,,,,128.657900111601
846,2021-01-17 11:14:40+00:00,,,,279.785711951961,236.11573133309,241.534893455043,,,,124.788307839355
847,2021-02-13 11:30:42+00:00,,,,279.533965132739,230.48839206442,235.217254426958,,,,117.007596089521
848,2021-02-28 11:30:42+00:00,,,,280.985359880902,236.795804290867,240.61716251456,,,,120.565672266916
849,2021-03-06 11:14:27+00:00,,,,266.073443567563,222.709664401751,224.108070966653,,,,104.925690748959
850,2021-03-14 10:27:37+00:00,,,,278.309205956501,236.917698506742,234.210937140342,,,,117.382503322885
851,2021-03-15 11:30:43+00:00,,,,286.936773509645,241.597646393604,244.126809694252,,,,129.364679277697
852,2021-03-20 11:30:43+00:00,,,,283.512024162939,240.095819334625,242.246011286722,,,,122.04088554441
853,2021-03-22 11:14:19+00:00,,,,274.008745814818,230.09113095161,234.888662415076,,,,116.211047339661
854,2021-03-25 11:30:42+00:00,,,,268.228119503428,226.255681656388,227.412900058254,,,,114.308680871945
855,2021-04-04 11:30:40+00:00,,,,267.238527858456,227.005787808297,228.701121666359,,,,109.941194864456
856,2021-04-09 11:30:40+00:00,,,,267.43017430259,218.660052830989,227.062627918273,,,,110.230586203322
857,2021-04-19 11:30:38+00:00,,,,279.087777388743,234.6824000336,239.108184959416,,,,121.235541766661
858,2021-05-01 10:23:39+00:00,,,,,227.763495142605,230.175167079963,,,,116.63689766512
859,2021-05-04 11:30:42+00:00,,,,279.771405595249,234.321015446509,236.028210276213,,,,122.331033761395
860,2021-05-19 11:30:43+00:00,,,,,,,,,,
861,2021-05-25 11:14:12+00:00,,,,,,,,,,114.353312624309
862,2021-05-29 11:30:44+00:00,,,,287.411813427737,243.574877067234,243.071058913944,,,,130.941182917247
863,2021-06-03 11:30:44+00:00,,,,270.735053330539,229.875992614017,228.236179030479,,,,117.96276037985
864,2021-06-08 11:30:44+00:00,,,,280.974807590598,234.510624291887,235.876909416343,,,,123.458622889774
865,2021-06-10 11:14:19+00:00,,,,,,,,,,
866,2021-06-13 11:30:44+00:00,,,,274.846850516854,232.408015139162,233.547432456305,,,,122.74224543862
867,2021-06-23 11:30:44+00:00,,,,269.6297384259,229.817330327427,228.116270483074,,,,116.813491570797
868,2021-06-26 11:14:24+00:00,,,,,233.683373470144,,,,,
869,2021-06-28 11:30:44+00:00,,,,281.842342644156,238.43949048293,241.373315985638,,,,128.584713063644
870,2021-07-04 10:18:19+00:00,,,,,225.154729692671,226.881908395336,,,,111.358224479774
871,2021-07-08 11:30:45+00:00,,,,275.960005561613,233.948143259614,236.403662628643,,,,121.389970839721
872,2021-07-12 11:14:25+00:00,,,,271.809485570837,229.187036210814,,,,,120.531511043033
873,2021-07-13 11:30:47+00:00,,,,283.742291801275,242.615521290278,238.35624750567,,,,128.8852414344
874,2021-07-18 11:30:45+00:00,,,,276.735248156477,231.916209930397,231.416655526416,,,,120.384788319196
875,2021-07-20 10:16:56+00:00,,,,265.780084078778,,,,,,
876,2021-07-23 11:30:47+00:00,,,,274.306119401989,231.498608379502,233.304614828948,,,,122.989759732526
877,2021-07-28 11:14:32+00:00,,,,278.101291850425,232.594668670395,233.791839617594,,,,121.00140011815
878,2021-07-28 11:30:45+00:00,,,,285.277165857132,240.99753548333,242.2037367998,,,,132.453839614681
879,2021-08-02 11:30:47+00:00,,,,277.243127263089,236.140438848362,236.798922345921,,,,124.675442622158
880,2021-08-05 10:15:32+00:00,,,,267.968037937184,231.074986136775,234.987048031543,,,,120.919069434826
881,2021-08-07 11:30:44+00:00,,,,,,,,,,
882,2021-08-12 11:30:46+00:00,,,,285.716267479989,239.542614613745,246.317988445861,,,,132.442654216026
883,2021-08-13 11:14:39+00:00,,,,,232.698401012441,236.288215795903,,,,
884,2021-08-17 11:30:43+00:00,,,,282.663012154293,235.884235106546,240.101081089477,,,,126.328462959151
885,2021-08-21 10:14:08+00:00,,,,269.524553437182,236.685132696789,229.712347134122,,,,115.857123488743
886,2021-08-22 11:30:46+00:00,,,,273.810309919126,234.023400854895,231.969129353008,,,,120.461978052444
887,2021-08-27 11:30:41+00:00,,,,284.23784694117,238.109736875503,240.758871036874,,,,128.530143709393
888,2021-08-29 11:14:43+00:00,,,,,232.489448992399,237.8579262085,,,,119.989399349873
889,2021-09-11 11:30:44+00:00,,,,277.157580718393,230.234104300316,,,,,123.187745067852
890,2021-09-16 11:30:39+00:00,,,,267.008900776166,222.633913772374,224.483295943535,,,,109.704731285049
891,2021-09-21 11:30:46+00:00,,,,277.152520865675,235.03021440685,235.472746701123,,,,125.117114547842
892,2021-09-22 10:11:19+00:00,,,,286.553538312558,,234.347879482182,,,,121.159870513831
893,2021-09-26 11:30:42+00:00,,,,285.141183363695,240.193922476605,241.501228652377,,,,133.650314004192
894,2021-09-30 11:14:52+00:00,,,,,,,,,,118.310003741762
895,2021-10-01 11:30:48+00:00,,,,278.882669521096,234.26476681116,235.846662805704,,,,124.388109987458
896,2021-10-08 10:09:54+00:00,,,,,232.843560170985,237.157593571719,,,,128.940918075072
897,2021-10-11 11:30:49+00:00,,,,279.876563265664,235.531925201097,241.220295795643,,,,128.083421500008
898,2021-10-24 10:08:28+00:00,,,,274.427866577645,236.08341616237,,,,,106.005752529873
899,2021-10-26 11:30:45+00:00,,,,285.448622641651,243.548598971154,242.653404649913,,,,131.110972094531
900,2021-11-05 11:30:44+00:00,,,,285.566612768399,242.835357815743,241.584160362251,,,,127.909045516602
901,2021-11-09 10:06:58+00:00,,,,271.407422777041,231.892429596894,238.218737896447,,,,
902,2021-11-10 11:30:46+00:00,,,,285.000978414429,240.539597565512,240.586023564246,,,,128.765617959014
903,2021-11-15 11:30:42+00:00,,,,263.675574999774,220.247508345679,222.445248457465,,,,104.240107934304
904,2021-11-17 11:14:51+00:00,,,,,,,,,,
905,2021-11-30 11:30:43+00:00,,,,264.711419697749,,,,,,110.513266291481
906,2021-12-03 11:14:52+00:00,,,,266.206721529892,226.378947937268,231.932243442486,,,,118.745289590455
907,2021-12-11 10:03:54+00:00,,,,,232.952993922713,233.366473723023,,,,114.92615581365
908,2021-12-11 11:14:51+00:00,,,,285.565402350455,236.640093206908,234.881074619314,,,,118.354398395103
909,2021-12-19 11:14:50+00:00,,,,270.048934194543,230.633647034303,231.798396532399,,,,119.39633026144
910,2022-01-09 11:30:45+00:00,,,,,,,,,,
911,2022-01-12 10:00:47+00:00,,,,,,221.946357990205,,,,
912,2022-01-12 11:14:45+00:00,,,,276.553296879095,228.057823253868,227.27232605138,,,,112.846625846067
913,2022-01-19 11:30:44+00:00,,,,282.276619404029,236.407843105933,237.90752548543,,,,125.236591796502
914,2022-01-20 11:14:42+00:00,,,,278.296697314733,236.042433697076,233.05868163092,,,,118.63440595672
915,2022-01-24 11:30:38+00:00,,,,271.946460346657,229.437675605726,227.531007082078,,,,116.445081107438
916,2022-01-28 09:59:14+00:00,,,,265.379335077704,229.211585833912,,,,,
917,2022-01-28 11:14:47+00:00,,,,272.903285342928,227.865390442641,223.446187626658,,,,111.587286315356
918,2022-01-29 11:30:44+00:00,,,,268.614982233199,225.089056345653,223.464365277014,,,,113.499389695697
919,2022-02-05 11:14:38+00:00,,,,280.489175847986,234.276023166368,236.675700518507,,,,123.958203524379
920,2022-02-08 11:30:43+00:00,,,,278.806079185531,234.515022335039,233.090023179279,,,,122.749776098297
921,2022-02-21 11:14:32+00:00,,,,280.459409141059,238.371198886775,236.867228711788,,,,123.880229647079
922,2022-02-28 11:30:47+00:00,,,,268.877605364122,229.517371004531,221.815804038798,,,,118.016591737113
923,2022-03-10 09:49:23+00:00,,,,,,,,,,
924,2022-03-20 11:30:47+00:00,,,,,227.805032935191,227.324454335511,,,,98.1783004578547
925,2022-03-30 11:30:46+00:00,,,,,,218.835592657652,,,,
926,2022-04-02 09:52:56+00:00,,,,277.918646358975,230.503279029232,239.576154349184,,,,
927,2022-04-02 11:14:28+00:00,,,,280.469615312675,235.130109234639,235.858049171258,,,,124.514810075408
928,2022-04-04 11:30:40+00:00,,,,271.805262362395,214.363949734288,213.467363984849,,,,
929,2022-04-10 11:14:20+00:00,,,,274.071990193646,229.845953917455,230.197403465144,,,,116.203635694401
930,2022-04-14 11:30:40+00:00,,,,271.035245721914,231.212810691586,227.888990727831,,,,121.044748436306
931,2022-04-18 11:14:19+00:00,,,,277.798055631,234.357713556025,234.814656567005,,,,120.515244041198
932,2022-04-19 11:30:48+00:00,,,,282.949395365874,240.649720145137,240.212295559039,,,,131.733289010225
933,2022-04-24 11:30:37+00:00,,,,267.579640200888,229.515853667677,226.053643673257,,,,110.46836304279
934,2022-04-29 11:30:49+00:00,,,,270.073123634164,228.944388040714,227.833318697984,,,,116.961582628942
935,2022-05-04 11:14:14+00:00,,,,286.296755826333,240.297259613572,238.878870444875,,,,131.586614349591
936,2022-05-04 11:30:39+00:00,,,,287.696114691142,243.968949492701,242.275644347728,,,,134.098522283959
937,2022-05-09 11:30:51+00:00,,,,,,,,,,
938,2022-05-12 11:14:25+00:00,,,,260.968311358484,222.165938544895,223.022307826031,,,,111.491070844557
939,2022-05-14 11:30:42+00:00,,,,269.675926984467,228.938190484408,226.932576566598,,,,119.574839572223
940,2022-05-17 09:44:51+00:00,,,,271.443312367112,229.50081750656,228.725956694019,,,,
941,2022-05-24 11:30:44+00:00,,,,271.782688492127,230.18379287898,226.950270434938,,,,
942,2022-06-03 09:44:03+00:00,,,,276.083862680125,236.882047368384,224.968180374793,,,,115.339409040584
943,2022-06-05 11:14:03+00:00,,,,268.506117821686,,,,,,
944,2022-06-08 11:30:52+00:00,,,,274.912982910257,232.228136986754,229.740086068015,,,,122.814526856949
945,2022-06-13 11:14:40+00:00,,,,,,,,,,
946,2022-06-13 11:30:47+00:00,,,,271.062749926607,226.576888497585,223.753081785354,,,,118.646610341505
947,2022-06-18 11:30:55+00:00,,,,271.205570508536,230.302798751445,226.461523628725,,,,123.825564067847
948,2022-06-28 11:30:56+00:00,,,,277.419239888382,234.237875220851,230.395330673725,,,,127.738865950518
949,2022-06-29 11:14:45+00:00,,,,,,,,,,
950,2022-07-03 11:30:49+00:00,,,,275.596801867016,234.157423501317,,,,,
951,2022-07-07 09:41:57+00:00,,,,,,,,,,
952,2022-07-07 11:14:21+00:00,,,,278.220894684652,234.703600561237,232.425509597167,,,,118.336064181001
953,2022-07-08 11:30:56+00:00,,,,282.67305893366,238.986781398948,236.87504080368,,,,133.824961151452
954,2022-07-13 11:30:48+00:00,,,,270.092167536708,230.684088844337,227.171199253486,,,,121.391202922004
955,2022-07-15 11:14:43+00:00,,,,,,,,,,
956,2022-07-18 11:30:55+00:00,,,,280.667416664325,239.384788157199,237.154856488807,,,,130.050440977811
957,2022-07-23 11:14:28+00:00,,,,,,,,,,
958,2022-07-23 11:30:48+00:00,,,,272.919566377508,229.912898694386,226.891444661735,,,,122.090095137724
959,2022-07-24 09:40:40+00:00,,,,269.021189194937,223.236582471069,221.796606629224,,,,115.542762043121
960,2022-07-28 11:30:53+00:00,,,,279.58914712137,234.730609147309,233.214103663718,,,,133.483534246161
961,2022-07-31 11:14:56+00:00,,,,,239.173565840969,238.53125363191,,,,
962,2022-08-07 11:30:55+00:00,,,,,,220.215687453371,,,,
963,2022-08-08 11:14:39+00:00,,,,,,,,,,
964,2022-08-10 09:39:15+00:00,,,,,,,,,,117.211715421772
965,2022-08-12 11:30:47+00:00,,,,272.137733687261,230.362596756714,226.487971835751,,,,122.616297022755
966,2022-08-16 11:15:02+00:00,,,,,,,,,,
967,2022-08-17 11:30:56+00:00,,,,260.454317460895,219.899486441932,220.793124270724,,,,
968,2022-08-22 11:30:44+00:00,,,,276.793970997547,235.951037858515,232.743280067295,,,,127.196208121747
969,2022-08-27 11:30:56+00:00,,,,279.953395444564,242.352583846959,238.467810042886,,,,131.025863719085
970,2022-09-01 11:15:02+00:00,,,,,,,,,,
971,2022-09-01 11:30:45+00:00,,,,287.970376476167,244.090042601237,251.820846382467,,,,
972,2022-09-06 11:30:55+00:00,,,,263.812207243577,221.67522974623,205.361229960019,,,,112.143426583315
973,2022-09-09 11:14:44+00:00,,,,280.171099970825,235.887343540425,234.088088156018,,,,116.678953398047
974,2022-09-11 11:30:45+00:00,,,,,,,,,,
975,2022-09-16 11:30:53+00:00,,,,280.255928075919,236.180374413954,238.975050755205,,,,128.717605573692
976,2022-09-17 11:15:09+00:00,,,,278.157354605858,232.64491039194,233.126269439252,,,,121.847109517373
977,2022-09-21 11:30:45+00:00,,,,271.74676691601,230.9922977848,229.112939796458,,,,122.479939438251
978,2022-09-25 11:14:52+00:00,,,,278.640170949968,240.975600090944,234.846775504964,,,,
979,2022-09-26 11:30:51+00:00,,,,281.144734311091,240.768861734931,235.292961759739,,,,128.238387036108
980,2022-09-30 09:34:13+00:00,,,,276.995083634673,235.46638848205,235.369563368156,,,,
981,2022-10-01 11:30:43+00:00,,,,289.086143713911,246.751191503229,248.087844502199,,,,
982,2022-10-06 11:30:50+00:00,,,,260.696103063983,219.678308100336,218.859282434113,,,,114.713424418766
983,2022-10-11 11:30:42+00:00,,,,273.575802597385,232.82709574537,230.92097203089,,,,
984,2022-10-16 11:30:47+00:00,,,,,,,,,,
985,2022-10-17 09:32:09+00:00,,,,268.72859380687,221.899605509032,223.663712909741,,,,117.665485730656
986,2022-10-26 11:30:46+00:00,,,,,,,,,,
987,2022-11-04 11:15:09+00:00,,,,264.726490211397,222.125419741947,221.623294459302,,,,116.525494703516
988,2022-11-05 11:30:48+00:00,,,,270.448543261058,227.148120390184,226.946039854264,,,,122.644196674611
989,2022-11-10 11:30:43+00:00,,,,292.978842598645,247.392284054184,245.496965419055,,,,
990,2022-11-12 11:14:59+00:00,,,,,,,,,,
991,2022-11-20 11:15:02+00:00,,,,268.018181508606,224.820066647334,223.819888443496,,,,116.296538003449
992,2022-11-20 11:30:43+00:00,,,,270.924194281363,227.309952734111,225.445810377726,,,,118.826521764828
993,2022-11-25 09:32:36+00:00,,,,,,228.610208930111,,,,118.708410199024
994,2022-11-25 11:30:43+00:00,,,,,227.477097026662,226.645770906584,,,,115.994169386162
995,2022-11-28 11:14:56+00:00,,,,287.376460484917,237.273296402435,235.864081918998,,,,129.424163067148
996,2022-12-15 11:30:47+00:00,,,,,,,,,,
997,2022-12-20 11:30:42+00:00,,,,,,,,,,
